-- MySQL dump 10.13  Distrib 8.0.29, for Win64 (x86_64)
--
-- Host: i7a403.p.ssafy.io    Database: pingpong
-- ------------------------------------------------------
-- Server version	5.7.39

/*!40101 SET @OLD_CHARACTER_SET_CLIENT=@@CHARACTER_SET_CLIENT */;
/*!40101 SET @OLD_CHARACTER_SET_RESULTS=@@CHARACTER_SET_RESULTS */;
/*!40101 SET @OLD_COLLATION_CONNECTION=@@COLLATION_CONNECTION */;
/*!50503 SET NAMES utf8 */;
/*!40103 SET @OLD_TIME_ZONE=@@TIME_ZONE */;
/*!40103 SET TIME_ZONE='+00:00' */;
/*!40014 SET @OLD_UNIQUE_CHECKS=@@UNIQUE_CHECKS, UNIQUE_CHECKS=0 */;
/*!40014 SET @OLD_FOREIGN_KEY_CHECKS=@@FOREIGN_KEY_CHECKS, FOREIGN_KEY_CHECKS=0 */;
/*!40101 SET @OLD_SQL_MODE=@@SQL_MODE, SQL_MODE='NO_AUTO_VALUE_ON_ZERO' */;
/*!40111 SET @OLD_SQL_NOTES=@@SQL_NOTES, SQL_NOTES=0 */;

--
-- Table structure for table `authority`
--

DROP TABLE IF EXISTS `authority`;
/*!40101 SET @saved_cs_client     = @@character_set_client */;
/*!50503 SET character_set_client = utf8mb4 */;
CREATE TABLE `authority` (
  `authority_name` varchar(50) NOT NULL,
  PRIMARY KEY (`authority_name`)
) ENGINE=InnoDB DEFAULT CHARSET=utf8mb4;
/*!40101 SET character_set_client = @saved_cs_client */;

--
-- Dumping data for table `authority`
--

LOCK TABLES `authority` WRITE;
/*!40000 ALTER TABLE `authority` DISABLE KEYS */;
INSERT INTO `authority` VALUES ('ROLE_ADMIN'),('ROLE_STUDENT'),('ROLE_TEACHER');
/*!40000 ALTER TABLE `authority` ENABLE KEYS */;
UNLOCK TABLES;

--
-- Table structure for table `class`
--

DROP TABLE IF EXISTS `class`;
/*!40101 SET @saved_cs_client     = @@character_set_client */;
/*!50503 SET character_set_client = utf8mb4 */;
CREATE TABLE `class` (
  `class_id` int(11) NOT NULL AUTO_INCREMENT,
  `class_day` int(11) NOT NULL,
  `class_desc` varchar(50) NOT NULL,
  `class_title` varchar(20) NOT NULL,
  `class_url` varchar(256) DEFAULT NULL,
  `subject_code` int(11) NOT NULL,
  `teacher_id` int(11) NOT NULL,
  `timetable_id` int(11) NOT NULL,
  `activated` int(11) NOT NULL,
  PRIMARY KEY (`class_id`),
  KEY `FK28f8ba9n0feejnamfay479ae1` (`teacher_id`),
  KEY `FK6fk8an4g0246etjpm6ok90brp` (`timetable_id`),
  KEY `FKehm8aura9ambihbv17wwmqjtj` (`subject_code`),
  CONSTRAINT `FK28f8ba9n0feejnamfay479ae1` FOREIGN KEY (`teacher_id`) REFERENCES `teacher` (`teacher_id`) ON DELETE CASCADE ON UPDATE CASCADE,
  CONSTRAINT `FK6fk8an4g0246etjpm6ok90brp` FOREIGN KEY (`timetable_id`) REFERENCES `timetable` (`timetable_id`) ON DELETE CASCADE ON UPDATE CASCADE,
  CONSTRAINT `FKehm8aura9ambihbv17wwmqjtj` FOREIGN KEY (`subject_code`) REFERENCES `subject` (`class_subject_code`) ON DELETE CASCADE ON UPDATE CASCADE
) ENGINE=InnoDB AUTO_INCREMENT=101 DEFAULT CHARSET=utf8mb4;
/*!40101 SET character_set_client = @saved_cs_client */;

--
-- Dumping data for table `class`
--

LOCK TABLES `class` WRITE;
/*!40000 ALTER TABLE `class` DISABLE KEYS */;
INSERT INTO `class` VALUES (42,1,'1단원. 문법의 이해','국어 1-3','',1,4030001,1,1),(43,1,'Java를 JAVA라~','정보 1-1','',14,4030004,1,1),(44,3,'Java를 JAVA라~','정보 1-3','',14,4030004,1,1),(45,5,'Java를 JAVA라~','정보 3-2','',14,4030004,1,1),(46,4,'II. 일본어로 숫자 배우기','일본어 1-3','',15,4030008,1,1),(47,2,'지구는 어떻게 움직일까?','과학 1-3','',10,4030011,1,1),(48,5,'What\'s your favorite food?','영어 1-3','',2,4030014,1,1),(49,3,'나무를 깎아 서랍장을 만들어봐요~','기술 1-3','',11,4030002,2,1),(50,1,'Java를 JAVA라~','정보 2-2','',14,4030004,2,1),(51,2,'Java를 JAVA라~','정보 2-3','',14,4030004,2,1),(52,3,'Java를 JAVA라~','정보 1-2','',14,4030004,2,1),(53,4,'Java를 JAVA라~','정보 1-2','',14,4030004,2,1),(54,5,'Java를 JAVA라~','정보 2-2','',14,4030004,2,1),(55,5,'르네상스 시대','미술 1-3','',9,4030005,2,1),(56,1,'집에서 타악기를 찾아오세요!','음악 1-3','',8,4030006,2,1),(57,4,'일제강점기 시대','국사  1-3','',5,4030012,2,1),(58,2,'What\'s your hobby?','영어 1-3','',2,4030014,2,1),(59,5,'모두 시를 한개씩 지어오세요.','국어 1-3','84ad27',1,4030001,3,1),(60,1,'Java를 JAVA라~','정보 3-1','',14,4030004,3,1),(61,2,'Java를 JAVA라~','정보 3-2','',14,4030004,3,1),(62,4,'Java를 JAVA라~','정보 3-1','',14,4030004,3,1),(63,3,'집에서도 할 수 있는 운동(1/2)','체육 1-3','',7,4030007,3,1),(64,4,'1차방정식','수학 1-3','',3,4030010,3,1),(65,1,'중국어로 자기소개하기','중국어 1-3','',16,4030013,3,1),(66,2,'영양소가 몸에서 배출되는 과정','가정 1-3','',12,4030016,3,1),(67,2,'문학에 대해 배울 예정입니다.','국어 1-3','',1,4030001,4,1),(68,4,'오늘은 자동차 조립을 해볼 예정입니다.','기술 1-3','',11,4030002,4,1),(69,3,'Java를 JAVA라~','정보 2-1',NULL,14,4030004,4,1),(70,3,'동양화에 대해 배워볼게요','미술 1-3','',9,4030005,4,1),(71,5,'IV. 노랫말의 뜻을 생각하며 노래 부르기','음악 1-3','',8,4030006,4,1),(72,1,'소인수분해','수학 1-3','',3,4030010,4,1),(73,2,'경제에 대해서 배워봅시다.','사회 1-3','',4,4030003,5,1),(74,2,'Java를 JAVA라~','정보 1-1','',14,4030004,5,1),(75,4,'Java를 JAVA라~','정보 2-3','',14,4030004,5,1),(76,4,'박자에 대해서 배우기','음악 1-3','',8,4030006,5,1),(77,1,'도덕적으로 사는 삶이란?','도덕 1-3','',6,4030009,5,1),(78,5,'연립방정식과 그 해','수학 1-3','',3,4030010,6,1),(79,3,'Let\'s play together!','영어 1-3','',2,4030014,5,1),(80,1,'Java를 JAVA라~','정보 1-2','',14,4030004,6,1),(81,4,'Java를 JAVA라~','정보 2-1','',14,4030004,6,1),(82,5,'Java를 JAVA라~','정보 1-3','',14,4030004,5,1),(83,4,'집에서도 할 수 있는 운동(2/2)','체육 1-3','',7,4030007,6,1),(84,2,'I. 일본어로 자기소개하기','일본어 1-3','',15,4030008,6,1),(85,3,'분자와 분자구조','과학 1-3','',10,4030011,6,1),(86,1,'소화는 어떻게 이루어질까요?','가정 1-3','',12,4030016,6,1),(87,3,'경제 Part 2. 교과서 꼭 챙기세요.','사회 1-3','',4,4030003,7,1),(88,3,'Java를 JAVA라~','정보 3-3','',14,4030004,7,1),(89,4,'도덕이란 무엇일까?','도덕 1-3','',6,4030009,7,1),(90,1,'Let\'s introduce myself','영어 1-3','',2,4030014,7,1),(91,2,'천자문 읽기','한문 1-3','',13,4030015,7,1),(92,5,'비타민 결핍에 따른 몸의 이상 증상','가정 1-3','',12,4030016,7,1),(100,4,'우에에에ㅔ','최종qa용','',1,4030001,1,1);
/*!40000 ALTER TABLE `class` ENABLE KEYS */;
UNLOCK TABLES;

--
-- Table structure for table `class_student`
--

DROP TABLE IF EXISTS `class_student`;
/*!40101 SET @saved_cs_client     = @@character_set_client */;
/*!50503 SET character_set_client = utf8mb4 */;
CREATE TABLE `class_student` (
  `class_idx` int(11) NOT NULL AUTO_INCREMENT,
  `class_id` int(11) NOT NULL,
  `student_id` int(11) NOT NULL,
  PRIMARY KEY (`class_idx`),
  KEY `FKgt5cku1apa8h7jdbr2np7emg8` (`class_id`),
  KEY `FKehoe5qmc3ro5nxlcwwa7kf2et` (`student_id`),
  CONSTRAINT `FKehoe5qmc3ro5nxlcwwa7kf2et` FOREIGN KEY (`student_id`) REFERENCES `student` (`student_id`) ON DELETE CASCADE ON UPDATE CASCADE,
  CONSTRAINT `FKgt5cku1apa8h7jdbr2np7emg8` FOREIGN KEY (`class_id`) REFERENCES `class` (`class_id`) ON DELETE CASCADE ON UPDATE CASCADE
) ENGINE=InnoDB AUTO_INCREMENT=904 DEFAULT CHARSET=utf8mb4;
/*!40101 SET character_set_client = @saved_cs_client */;

--
-- Dumping data for table `class_student`
--

LOCK TABLES `class_student` WRITE;
/*!40000 ALTER TABLE `class_student` DISABLE KEYS */;
INSERT INTO `class_student` VALUES (540,67,2022000013),(541,67,2022000014),(542,67,2022000015),(543,67,2022000016),(544,67,2022000017),(545,67,2022000018),(546,59,2022000013),(547,59,2022000014),(548,59,2022000015),(549,59,2022000016),(550,59,2022000017),(551,59,2022000018),(552,42,2022000013),(553,42,2022000014),(554,42,2022000015),(555,42,2022000016),(556,42,2022000017),(557,42,2022000018),(558,49,2022000013),(559,49,2022000014),(560,49,2022000015),(561,49,2022000016),(562,49,2022000017),(563,49,2022000018),(564,49,2022000007),(565,49,2022000008),(566,49,2022000009),(567,49,2022000010),(568,49,2022000011),(569,49,2022000012),(570,68,2022000013),(571,68,2022000014),(572,68,2022000015),(573,68,2022000016),(574,68,2022000017),(575,68,2022000018),(576,73,2022000013),(577,73,2022000014),(578,73,2022000015),(579,73,2022000016),(580,73,2022000017),(581,73,2022000018),(582,87,2022000013),(583,87,2022000014),(584,87,2022000015),(585,87,2022000016),(586,87,2022000017),(587,87,2022000018),(588,43,2022000001),(589,43,2022000002),(590,43,2022000003),(591,43,2022000004),(592,43,2022000005),(593,43,2022000006),(594,50,2022000025),(595,50,2022000026),(596,50,2022000027),(597,50,2022000028),(598,50,2022000029),(599,50,2022000030),(600,74,2022000001),(601,74,2022000002),(602,74,2022000003),(603,74,2022000004),(604,74,2022000005),(605,74,2022000006),(606,74,2022000007),(607,74,2022000008),(608,61,2022000037),(609,61,2022000038),(610,61,2022000039),(611,61,2022000040),(612,61,2022000041),(613,61,2022000042),(614,51,2022000025),(615,51,2022000026),(616,51,2022000027),(617,51,2022000028),(618,51,2022000029),(619,51,2022000030),(620,60,2022000031),(621,60,2022000032),(622,60,2022000033),(623,60,2022000034),(624,60,2022000035),(625,60,2022000036),(626,80,2022000007),(627,80,2022000008),(628,80,2022000009),(629,80,2022000010),(630,80,2022000011),(631,80,2022000012),(632,44,2022000013),(633,44,2022000014),(634,44,2022000015),(635,44,2022000016),(636,44,2022000017),(637,44,2022000018),(638,52,2022000007),(639,52,2022000008),(640,52,2022000009),(641,52,2022000010),(642,52,2022000011),(643,52,2022000012),(644,69,2022000019),(645,69,2022000020),(646,69,2022000021),(647,69,2022000022),(648,69,2022000023),(649,69,2022000024),(650,88,2022000025),(651,88,2022000026),(652,88,2022000027),(653,88,2022000028),(654,88,2022000029),(655,88,2022000030),(656,53,2022000007),(657,53,2022000008),(658,53,2022000009),(659,53,2022000010),(660,53,2022000011),(661,53,2022000012),(662,62,2022000031),(663,62,2022000032),(664,62,2022000033),(665,62,2022000034),(666,62,2022000035),(667,62,2022000036),(668,75,2022000025),(669,75,2022000026),(670,75,2022000027),(671,75,2022000028),(672,75,2022000029),(673,75,2022000030),(674,81,2022000019),(675,81,2022000020),(676,81,2022000021),(677,81,2022000022),(678,81,2022000023),(679,81,2022000024),(680,45,2022000037),(681,45,2022000038),(682,45,2022000039),(683,45,2022000040),(684,45,2022000041),(685,45,2022000042),(686,54,2022000025),(687,54,2022000026),(688,54,2022000027),(689,54,2022000028),(690,54,2022000029),(691,54,2022000030),(692,82,2022000013),(693,82,2022000014),(694,82,2022000015),(695,82,2022000016),(696,82,2022000017),(697,82,2022000018),(698,70,2022000013),(699,70,2022000014),(700,70,2022000015),(701,70,2022000016),(702,70,2022000017),(703,70,2022000018),(704,55,2022000013),(705,55,2022000014),(706,55,2022000015),(707,55,2022000016),(708,55,2022000017),(709,55,2022000018),(710,56,2022000013),(711,56,2022000014),(712,56,2022000015),(713,56,2022000016),(714,56,2022000017),(715,56,2022000018),(716,76,2022000013),(717,76,2022000014),(718,76,2022000015),(719,76,2022000016),(720,76,2022000017),(721,76,2022000018),(722,71,2022000013),(723,71,2022000014),(724,71,2022000015),(725,71,2022000016),(726,71,2022000017),(727,71,2022000018),(728,63,2022000013),(729,63,2022000014),(730,63,2022000015),(731,63,2022000016),(732,63,2022000017),(733,63,2022000018),(734,83,2022000013),(735,83,2022000014),(736,83,2022000015),(737,83,2022000016),(738,83,2022000017),(739,83,2022000018),(740,84,2022000013),(741,84,2022000014),(742,84,2022000015),(743,84,2022000016),(744,84,2022000017),(745,84,2022000018),(746,46,2022000013),(747,46,2022000014),(748,46,2022000015),(749,46,2022000016),(750,46,2022000017),(751,46,2022000018),(752,77,2022000013),(753,77,2022000014),(754,77,2022000015),(755,77,2022000016),(756,77,2022000017),(757,77,2022000018),(758,89,2022000013),(759,89,2022000014),(760,89,2022000015),(761,89,2022000016),(762,89,2022000017),(763,89,2022000018),(764,72,2022000013),(765,72,2022000014),(766,72,2022000015),(767,72,2022000016),(768,72,2022000017),(769,72,2022000018),(770,64,2022000013),(771,64,2022000014),(772,64,2022000015),(773,64,2022000016),(774,64,2022000017),(775,64,2022000018),(776,78,2022000013),(777,78,2022000014),(778,78,2022000015),(779,78,2022000016),(780,78,2022000017),(781,78,2022000018),(782,47,2022000013),(783,47,2022000014),(784,47,2022000015),(785,47,2022000016),(786,47,2022000017),(787,47,2022000018),(788,85,2022000013),(789,85,2022000014),(790,85,2022000015),(791,85,2022000016),(792,85,2022000017),(793,85,2022000018),(794,57,2022000013),(795,57,2022000014),(796,57,2022000015),(797,57,2022000016),(798,57,2022000017),(799,57,2022000018),(800,65,2022000013),(801,65,2022000014),(802,65,2022000015),(803,65,2022000016),(804,65,2022000017),(805,65,2022000018),(806,58,2022000013),(807,58,2022000014),(808,58,2022000015),(809,58,2022000016),(810,58,2022000017),(811,58,2022000018),(812,90,2022000013),(813,90,2022000014),(814,90,2022000015),(815,90,2022000016),(816,90,2022000017),(817,90,2022000018),(818,79,2022000013),(819,79,2022000014),(820,79,2022000015),(821,79,2022000016),(822,79,2022000017),(823,79,2022000018),(824,48,2022000013),(825,48,2022000014),(826,48,2022000015),(827,48,2022000016),(828,48,2022000017),(829,48,2022000018),(830,91,2022000013),(831,91,2022000014),(832,91,2022000015),(833,91,2022000016),(834,91,2022000017),(835,91,2022000018),(836,86,2022000013),(837,86,2022000014),(838,86,2022000015),(839,86,2022000016),(840,86,2022000017),(841,86,2022000018),(842,66,2022000013),(843,66,2022000014),(844,66,2022000015),(845,66,2022000016),(846,66,2022000017),(847,66,2022000018),(848,92,2022000013),(849,92,2022000014),(850,92,2022000015),(851,92,2022000016),(852,92,2022000017),(853,92,2022000018),(871,42,2022000001),(897,100,2022000013),(898,100,2022000014),(899,100,2022000015),(900,100,2022000016),(901,100,2022000017),(902,100,2022000018),(903,100,2022000001);
/*!40000 ALTER TABLE `class_student` ENABLE KEYS */;
UNLOCK TABLES;

--
-- Table structure for table `item`
--

DROP TABLE IF EXISTS `item`;
/*!40101 SET @saved_cs_client     = @@character_set_client */;
/*!50503 SET character_set_client = utf8mb4 */;
CREATE TABLE `item` (
  `item_id` int(11) NOT NULL AUTO_INCREMENT,
  `category` varchar(10) DEFAULT NULL,
  `item_describe` varchar(255) NOT NULL,
  `name` varchar(20) NOT NULL,
  `rarity` tinyint(4) NOT NULL,
  PRIMARY KEY (`item_id`)
) ENGINE=InnoDB AUTO_INCREMENT=15 DEFAULT CHARSET=utf8mb4;
/*!40101 SET character_set_client = @saved_cs_client */;

--
-- Dumping data for table `item`
--

LOCK TABLES `item` WRITE;
/*!40000 ALTER TABLE `item` DISABLE KEYS */;
INSERT INTO `item` VALUES (1,'BORDER','내 화면의 테두리 색상을 랜덤으로 12가지의 색상으로 바꿔주는 색상권입니다. 사용하는 순간 테두리 색상이 바뀌며 영구적으로 적용되고, 현재 색상은 사라집니다.','테두리 색상권',4),(2,'HEATMAP','나의 퐁퐁이 현황점수표 색상을 랜덤으로 12가지의 색상으로 바꿔주는 색상권입니다. 사용하는 순간 점수표 색상이 바뀌며 영구적으로 적용되고, 현재 색상은 사라집니다.','퐁퐁이 색상권',4),(3,'ITEM','랜덤 발표자로 선정되었을 경우, 발표 프리패스권을 사용해 발표를 면제받을 수 있습니다. 발표자로 선정 시, 사용 여부를 선택할 수 있고, 사용했을 경우 다시 한 번 랜덤 발표자를 선정하게 됩니다. 1회 사용시, 해당 아이템은 사라집니다.','발표프리패스',1),(4,'ITEM','해당 수업에서 획득한 퐁퐁이를 2배로 받을 수 있습니다. 수업 참여 중 사용이 가능하며 해당 수업이 끝나면,  해당 아이템과 효과는 사라집니다.','더블 퐁퐁권',2),(5,'REACTION','하트 이모지','heart',3),(6,'REACTION','박수 이모지','clap',3),(7,'REACTION','우는 이모지','cry',3),(8,'REACTION','삐질삐질 이모지','sweat',3),(9,'REACTION','웃는 이모지','laughing',3),(10,'REACTION','따봉 이모지','good',3),(11,'REACTION','불 이모지','fire',3),(12,'REACTION','만점 이모지','100',3),(13,'REACTION','실망 이모지','disappointed',3),(14,'REACTION','질문 이모지','question',3);
/*!40000 ALTER TABLE `item` ENABLE KEYS */;
UNLOCK TABLES;

--
-- Table structure for table `item_student`
--

DROP TABLE IF EXISTS `item_student`;
/*!40101 SET @saved_cs_client     = @@character_set_client */;
/*!50503 SET character_set_client = utf8mb4 */;
CREATE TABLE `item_student` (
  `item_index` int(11) NOT NULL AUTO_INCREMENT,
  `item_id` int(11) NOT NULL,
  `student_id` int(11) NOT NULL,
  PRIMARY KEY (`item_index`),
  KEY `FK5fhabsowcp7x4i4fdy3t553r5` (`item_id`),
  KEY `FKi1kwxbuxtby2uspapfkg4sgn1` (`student_id`),
  CONSTRAINT `FK5fhabsowcp7x4i4fdy3t553r5` FOREIGN KEY (`item_id`) REFERENCES `item` (`item_id`) ON DELETE CASCADE ON UPDATE CASCADE,
  CONSTRAINT `FKi1kwxbuxtby2uspapfkg4sgn1` FOREIGN KEY (`student_id`) REFERENCES `student` (`student_id`) ON DELETE CASCADE ON UPDATE CASCADE
) ENGINE=InnoDB AUTO_INCREMENT=732 DEFAULT CHARSET=utf8mb4;
/*!40101 SET character_set_client = @saved_cs_client */;

--
-- Dumping data for table `item_student`
--

LOCK TABLES `item_student` WRITE;
/*!40000 ALTER TABLE `item_student` DISABLE KEYS */;
INSERT INTO `item_student` VALUES (4,3,2022000017),(5,4,2022000017),(18,2,2022000017),(19,2,2022000017),(20,2,2022000017),(21,2,2022000017),(22,2,2022000017),(124,9,2022000001),(125,4,2022000001),(128,14,2022000001),(129,5,2022000001),(145,12,2022000001),(152,8,2022000001),(153,6,2022000001),(155,13,2022000014),(156,12,2022000014),(161,6,2022000014),(163,4,2022000001),(164,8,2022000001),(166,14,2022000001),(167,9,2022000001),(168,12,2022000001),(171,14,2022000001),(172,4,2022000001),(173,4,2022000001),(174,14,2022000001),(175,6,2022000001),(183,3,2022000001),(184,3,2022000001),(185,3,2022000001),(186,3,2022000001),(187,3,2022000001),(188,3,2022000001),(189,3,2022000001),(190,3,2022000001),(191,3,2022000001),(192,3,2022000001),(193,3,2022000001),(194,3,2022000001),(195,3,2022000001),(196,3,2022000001),(197,3,2022000001),(198,3,2022000001),(199,3,2022000001),(200,3,2022000001),(201,3,2022000001),(202,3,2022000001),(203,3,2022000001),(204,3,2022000001),(205,3,2022000001),(206,3,2022000001),(207,3,2022000001),(208,3,2022000001),(209,3,2022000001),(210,3,2022000001),(211,3,2022000001),(212,3,2022000001),(213,3,2022000001),(214,3,2022000001),(215,3,2022000001),(216,3,2022000001),(217,3,2022000001),(218,3,2022000001),(219,3,2022000001),(220,3,2022000001),(221,3,2022000001),(222,3,2022000001),(223,3,2022000001),(224,3,2022000001),(225,3,2022000001),(226,3,2022000001),(227,3,2022000001),(228,3,2022000001),(231,12,2022000013),(236,5,2022000013),(237,11,2022000013),(240,11,2022000015),(244,9,2022000018),(246,9,2022000018),(247,14,2022000018),(248,6,2022000018),(251,13,2022000018),(256,12,2022000018),(258,12,2022000001),(259,6,2022000001),(260,13,2022000001),(261,7,2022000001),(268,13,2022000016),(270,10,2022000016),(273,4,2022000016),(276,11,2022000016),(277,5,2022000016),(279,6,2022000001),(282,8,2022000001),(283,12,2022000013),(285,11,2022000013),(287,13,2022000013),(288,3,2022000017),(290,3,2022000017),(293,5,2022000017),(297,9,2022000017),(299,6,2022000017),(302,3,2022000017),(303,8,2022000017),(305,7,2022000001),(306,11,2022000016),(308,3,2022000014),(312,8,2022000017),(352,2,2022000018),(353,2,2022000018),(354,2,2022000018),(355,2,2022000018),(356,2,2022000018),(357,2,2022000018),(358,2,2022000018),(359,2,2022000018),(360,2,2022000018),(361,2,2022000018),(362,2,2022000018),(363,2,2022000018),(364,2,2022000018),(365,2,2022000018),(366,2,2022000018),(367,2,2022000018),(368,2,2022000018),(369,2,2022000018),(375,1,2022000001),(376,1,2022000001),(397,3,2022000018),(398,3,2022000018),(399,3,2022000018),(400,3,2022000018),(401,3,2022000018),(402,3,2022000018),(403,3,2022000018),(404,3,2022000018),(405,3,2022000018),(406,3,2022000018),(407,3,2022000018),(408,3,2022000018),(409,3,2022000018),(410,3,2022000018),(411,3,2022000018),(412,3,2022000018),(413,3,2022000018),(414,3,2022000018),(415,3,2022000018),(416,3,2022000018),(417,3,2022000018),(418,3,2022000018),(419,3,2022000018),(420,3,2022000018),(421,3,2022000018),(422,3,2022000018),(423,3,2022000018),(424,3,2022000018),(425,3,2022000018),(426,3,2022000018),(427,3,2022000018),(428,3,2022000018),(429,3,2022000018),(430,3,2022000018),(431,3,2022000018),(432,11,2022000018),(433,10,2022000018),(434,8,2022000018),(435,7,2022000018),(436,5,2022000018),(482,1,2022000018),(483,1,2022000018),(484,1,2022000018),(485,1,2022000018),(486,1,2022000018),(487,1,2022000018),(488,1,2022000018),(489,1,2022000018),(490,1,2022000018),(491,1,2022000018),(492,1,2022000018),(493,1,2022000018),(494,1,2022000018),(495,1,2022000018),(496,1,2022000018),(497,1,2022000018),(498,1,2022000018),(499,1,2022000018),(500,1,2022000018),(501,1,2022000018),(502,1,2022000018),(503,1,2022000018),(504,1,2022000018),(505,1,2022000018),(506,1,2022000018),(507,1,2022000018),(508,1,2022000018),(509,1,2022000018),(510,1,2022000018),(516,4,2022000018),(517,4,2022000018),(518,4,2022000018),(519,4,2022000018),(520,4,2022000018),(521,4,2022000018),(522,4,2022000018),(523,4,2022000018),(524,4,2022000018),(525,4,2022000018),(526,4,2022000018),(527,4,2022000018),(528,4,2022000018),(529,4,2022000018),(530,4,2022000018),(531,4,2022000018),(532,4,2022000018),(534,4,2022000018),(535,4,2022000018),(536,4,2022000018),(537,4,2022000018),(538,4,2022000018),(539,4,2022000018),(540,4,2022000018),(541,4,2022000018),(542,4,2022000018),(543,4,2022000018),(545,4,2022000018),(546,4,2022000018),(547,4,2022000018),(548,4,2022000018),(549,4,2022000018),(550,4,2022000018),(551,4,2022000018),(552,4,2022000018),(553,4,2022000018),(554,4,2022000018),(556,4,2022000018),(560,4,2022000018),(561,4,2022000018),(562,4,2022000018),(564,4,2022000018),(566,4,2022000018),(568,4,2022000018),(569,4,2022000018),(570,4,2022000018),(572,4,2022000018),(573,4,2022000018),(575,4,2022000018),(576,4,2022000018),(577,4,2022000018),(578,4,2022000018),(579,4,2022000018),(580,4,2022000018),(581,4,2022000018),(582,4,2022000018),(584,4,2022000018),(586,4,2022000018),(587,4,2022000018),(588,4,2022000018),(590,4,2022000018),(592,4,2022000018),(594,4,2022000018),(595,4,2022000018),(596,4,2022000018),(597,4,2022000018),(598,4,2022000018),(599,4,2022000018),(600,4,2022000018),(602,4,2022000018),(603,4,2022000018),(604,4,2022000018),(605,4,2022000018),(606,4,2022000018),(607,4,2022000018),(608,4,2022000018),(609,10,2022000014),(611,10,2022000016),(612,10,2022000016),(613,10,2022000016),(614,10,2022000016),(615,10,2022000016),(616,10,2022000016),(618,6,2022000016),(620,13,2022000015),(622,4,2022000016),(625,9,2022000016),(626,7,2022000016),(630,2,2022000016),(631,2,2022000016),(634,2,2022000016),(637,2,2022000016),(638,7,2022000016),(639,14,2022000016),(642,11,2022000013),(643,2,2022000016),(644,5,2022000016),(645,11,2022000016),(646,2,2022000016),(649,4,2022000016),(650,2,2022000016),(651,8,2022000016),(652,6,2022000016),(653,9,2022000017),(655,1,2022000017),(657,2,2022000016),(658,12,2022000016),(666,3,2022000015),(668,7,2022000015),(669,13,2022000013),(670,13,2022000016),(671,5,2022000016),(677,6,2022000016),(680,2,2022000016),(681,3,2022000013),(682,7,2022000016),(684,3,2022000013),(685,2,2022000016),(687,9,2022000013),(688,4,2022000016),(689,2,2022000015),(690,4,2022000016),(692,7,2022000016),(693,1,2022000016),(694,5,2022000015),(695,1,2022000016),(696,3,2022000016),(697,1,2022000016),(702,1,2022000015),(703,1,2022000015),(706,3,2022000013),(710,11,2022000015),(711,10,2022000015),(712,7,2022000015),(713,6,2022000013),(714,5,2022000015),(715,1,2022000013),(716,2,2022000013),(717,2,2022000015),(718,5,2022000015),(719,1,2022000013),(720,1,2022000015),(721,9,2022000013),(722,3,2022000016),(723,3,2022000016),(724,3,2022000018),(725,3,2022000018),(726,2,2022000016),(727,1,2022000016),(728,10,2022000016),(729,1,2022000016),(730,2,2022000013),(731,2,2022000017);
/*!40000 ALTER TABLE `item_student` ENABLE KEYS */;
UNLOCK TABLES;

--
-- Table structure for table `log`
--

DROP TABLE IF EXISTS `log`;
/*!40101 SET @saved_cs_client     = @@character_set_client */;
/*!50503 SET character_set_client = utf8mb4 */;
CREATE TABLE `log` (
  `log_id` int(11) NOT NULL AUTO_INCREMENT,
  `attendance` bit(1) NOT NULL,
  `point` int(11) NOT NULL,
  `present_cnt` int(11) NOT NULL,
  `reg_date` date NOT NULL,
  `class_id` int(11) NOT NULL,
  `student_id` int(11) NOT NULL,
  PRIMARY KEY (`log_id`),
  KEY `FKp6hay1tn5u9mxsx5t688y96s2` (`class_id`),
  KEY `FKs1x3m5h70j9gifr3xfsdm6o5k` (`student_id`),
  CONSTRAINT `FKp6hay1tn5u9mxsx5t688y96s2` FOREIGN KEY (`class_id`) REFERENCES `class` (`class_id`) ON DELETE CASCADE ON UPDATE CASCADE,
  CONSTRAINT `FKs1x3m5h70j9gifr3xfsdm6o5k` FOREIGN KEY (`student_id`) REFERENCES `student` (`student_id`) ON DELETE CASCADE ON UPDATE CASCADE
) ENGINE=InnoDB AUTO_INCREMENT=1422 DEFAULT CHARSET=utf8mb4;
/*!40101 SET character_set_client = @saved_cs_client */;

--
-- Dumping data for table `log`
--

LOCK TABLES `log` WRITE;
/*!40000 ALTER TABLE `log` DISABLE KEYS */;
INSERT INTO `log` VALUES (1,_binary '',10,3,'2022-07-01',67,2022000017),(2,_binary '',18,3,'2022-07-05',67,2022000017),(3,_binary '',6,3,'2022-07-07',67,2022000017),(4,_binary '',20,3,'2022-07-12',67,2022000017),(6,_binary '',13,3,'2022-06-14',67,2022000017),(7,_binary '',13,3,'2022-06-03',67,2022000017),(8,_binary '',13,3,'2022-06-08',67,2022000017),(9,_binary '',21,3,'2022-06-15',67,2022000017),(10,_binary '',21,3,'2022-06-20',67,2022000017),(11,_binary '',21,3,'2022-05-20',67,2022000017),(12,_binary '',27,3,'2022-05-23',67,2022000017),(21,_binary '',36,3,'2022-03-02',67,2022000017),(22,_binary '',27,3,'2022-03-03',67,2022000017),(23,_binary '',9,3,'2022-03-07',67,2022000017),(24,_binary '',13,3,'2022-03-08',67,2022000017),(25,_binary '',16,3,'2022-03-14',67,2022000017),(26,_binary '',27,3,'2022-03-16',67,2022000017),(27,_binary '',8,3,'2022-04-04',67,2022000017),(28,_binary '',27,3,'2022-04-05',67,2022000017),(29,_binary '',20,3,'2022-04-08',67,2022000017),(30,_binary '',5,3,'2022-04-11',67,2022000017),(31,_binary '',27,3,'2022-04-13',67,2022000017),(32,_binary '',36,3,'2022-04-15',67,2022000017),(33,_binary '',27,3,'2022-04-18',67,2022000017),(34,_binary '',14,3,'2022-04-19',67,2022000017),(35,_binary '',6,3,'2022-04-25',67,2022000017),(36,_binary '',27,3,'2022-04-26',67,2022000017),(37,_binary '',27,3,'2022-04-27',67,2022000017),(38,_binary '',35,3,'2022-04-29',67,2022000017),(39,_binary '',14,3,'2022-04-06',67,2022000017),(40,_binary '',35,3,'2022-04-20',67,2022000017),(41,_binary '',27,3,'2022-04-21',67,2022000017),(42,_binary '',36,3,'2022-05-02',67,2022000017),(43,_binary '',22,3,'2022-05-03',67,2022000017),(44,_binary '',13,3,'2022-05-09',67,2022000017),(45,_binary '',27,3,'2022-05-11',67,2022000017),(46,_binary '',20,3,'2022-05-02',67,2022000017),(47,_binary '',5,3,'2022-05-16',67,2022000017),(48,_binary '',14,3,'2022-05-17',67,2022000017),(49,_binary '',27,3,'2022-05-18',67,2022000017),(50,_binary '',36,3,'2022-03-18',67,2022000017),(51,_binary '',27,3,'2022-03-22',67,2022000017),(52,_binary '',20,3,'2022-03-23',67,2022000017),(53,_binary '',35,3,'2022-03-25',67,2022000017),(54,_binary '',9,3,'2022-03-28',67,2022000017),(55,_binary '',27,3,'2022-03-30',67,2022000017),(56,_binary '',36,3,'2022-03-31',67,2022000017),(57,_binary '',27,3,'2022-04-01',67,2022000017),(71,_binary '',30,3,'2022-05-22',67,2022000017),(72,_binary '',27,3,'2022-05-23',67,2022000017),(73,_binary '',40,3,'2022-05-24',67,2022000017),(74,_binary '',27,3,'2022-05-26',67,2022000017),(75,_binary '',14,3,'2022-05-27',67,2022000017),(76,_binary '',36,3,'2022-05-30',67,2022000017),(77,_binary '',31,3,'2022-05-31',67,2022000017),(78,_binary '',16,3,'2022-06-02',67,2022000017),(79,_binary '',36,3,'2022-06-07',67,2022000017),(80,_binary '',11,3,'2022-06-13',67,2022000017),(81,_binary '',30,3,'2022-06-14',67,2022000017),(82,_binary '',27,3,'2022-06-16',67,2022000017),(83,_binary '',40,3,'2022-06-17',67,2022000017),(84,_binary '',27,3,'2022-06-20',67,2022000017),(85,_binary '',14,3,'2022-06-21',67,2022000017),(86,_binary '',36,3,'2022-06-24',67,2022000017),(87,_binary '',31,3,'2022-06-27',67,2022000017),(88,_binary '',16,3,'2022-06-28',67,2022000017),(89,_binary '',36,3,'2022-06-30',67,2022000017),(99,_binary '',30,3,'2021-11-15',67,2022000017),(100,_binary '',27,3,'2021-11-16',67,2022000017),(101,_binary '',40,3,'2021-11-17',67,2022000017),(102,_binary '',27,3,'2021-11-18',67,2022000017),(103,_binary '',14,3,'2021-11-22',67,2022000017),(104,_binary '',36,3,'2021-11-23',67,2022000017),(105,_binary '',31,3,'2021-11-29',67,2022000017),(106,_binary '',16,3,'2021-12-01',67,2022000017),(107,_binary '',36,3,'2021-12-02',67,2022000017),(108,_binary '',11,3,'2021-12-03',67,2022000017),(109,_binary '',30,3,'2021-12-07',67,2022000017),(110,_binary '',27,3,'2021-12-08',67,2022000017),(111,_binary '',40,3,'2021-12-10',67,2022000017),(112,_binary '',27,3,'2021-12-13',67,2022000017),(113,_binary '',14,3,'2021-12-15',67,2022000017),(114,_binary '',36,3,'2021-12-16',67,2022000017),(115,_binary '',31,3,'2021-12-17',67,2022000017),(116,_binary '',16,3,'2021-12-20',67,2022000017),(422,_binary '\0',0,0,'2022-08-01',42,2022000013),(423,_binary '\0',0,0,'2022-08-01',42,2022000014),(424,_binary '',6,1,'2022-08-01',42,2022000015),(425,_binary '',2,2,'2022-08-01',42,2022000016),(426,_binary '',3,0,'2022-08-01',42,2022000017),(427,_binary '',2,0,'2022-08-01',42,2022000018),(428,_binary '',2,1,'2022-08-08',42,2022000013),(429,_binary '\0',0,0,'2022-08-08',42,2022000014),(430,_binary '',0,1,'2022-08-08',42,2022000015),(431,_binary '',4,2,'2022-08-08',42,2022000016),(432,_binary '\0',0,0,'2022-08-08',42,2022000017),(433,_binary '',4,1,'2022-08-08',42,2022000018),(440,_binary '',1,0,'2022-08-01',56,2022000013),(441,_binary '',1,0,'2022-08-01',56,2022000014),(442,_binary '',2,0,'2022-08-01',56,2022000015),(443,_binary '\0',0,0,'2022-08-01',56,2022000016),(444,_binary '',3,0,'2022-08-01',56,2022000017),(445,_binary '',5,1,'2022-08-01',56,2022000018),(446,_binary '',2,1,'2022-08-08',56,2022000013),(447,_binary '',2,0,'2022-08-08',56,2022000014),(448,_binary '',0,1,'2022-08-08',56,2022000015),(449,_binary '',0,2,'2022-08-08',56,2022000016),(450,_binary '\0',0,0,'2022-08-08',56,2022000017),(451,_binary '',4,1,'2022-08-08',56,2022000018),(458,_binary '',1,0,'2022-08-01',65,2022000013),(459,_binary '\0',0,0,'2022-08-01',65,2022000014),(460,_binary '',2,0,'2022-08-01',65,2022000015),(461,_binary '\0',0,0,'2022-08-01',65,2022000016),(462,_binary '',3,0,'2022-08-01',65,2022000017),(463,_binary '',5,1,'2022-08-01',65,2022000018),(464,_binary '',2,1,'2022-08-08',65,2022000013),(465,_binary '',2,0,'2022-08-08',65,2022000014),(466,_binary '',0,1,'2022-08-08',65,2022000015),(467,_binary '',0,2,'2022-08-08',65,2022000016),(468,_binary '\0',0,0,'2022-08-08',65,2022000017),(469,_binary '',4,1,'2022-08-08',65,2022000018),(476,_binary '',1,0,'2022-08-01',72,2022000013),(477,_binary '\0',0,0,'2022-08-01',72,2022000014),(478,_binary '',2,0,'2022-08-01',72,2022000015),(479,_binary '\0',0,0,'2022-08-01',72,2022000016),(480,_binary '',3,0,'2022-08-01',72,2022000017),(481,_binary '',2,1,'2022-08-01',72,2022000018),(482,_binary '',2,1,'2022-08-08',72,2022000013),(483,_binary '',2,0,'2022-08-08',72,2022000014),(484,_binary '',0,1,'2022-08-08',72,2022000015),(485,_binary '\0',0,0,'2022-08-08',72,2022000016),(486,_binary '\0',0,0,'2022-08-08',72,2022000017),(487,_binary '',0,1,'2022-08-08',72,2022000018),(494,_binary '',1,0,'2022-08-01',77,2022000013),(495,_binary '\0',0,0,'2022-08-01',77,2022000014),(496,_binary '',2,0,'2022-08-01',77,2022000015),(497,_binary '\0',0,0,'2022-08-01',77,2022000016),(498,_binary '',3,0,'2022-08-01',77,2022000017),(499,_binary '',2,1,'2022-08-01',77,2022000018),(500,_binary '',2,1,'2022-08-08',77,2022000013),(501,_binary '',2,0,'2022-08-08',77,2022000014),(502,_binary '',0,1,'2022-08-08',77,2022000015),(503,_binary '\0',0,0,'2022-08-08',77,2022000016),(504,_binary '\0',0,0,'2022-08-08',77,2022000017),(505,_binary '',0,1,'2022-08-08',77,2022000018),(530,_binary '',1,0,'2022-08-01',86,2022000013),(531,_binary '\0',0,0,'2022-08-01',86,2022000014),(532,_binary '',2,0,'2022-08-01',86,2022000015),(533,_binary '\0',0,0,'2022-08-01',86,2022000016),(534,_binary '',3,0,'2022-08-01',86,2022000017),(535,_binary '',2,1,'2022-08-01',86,2022000018),(536,_binary '',2,1,'2022-08-08',86,2022000013),(537,_binary '',2,0,'2022-08-08',86,2022000014),(538,_binary '',0,1,'2022-08-08',86,2022000015),(539,_binary '\0',0,0,'2022-08-08',86,2022000016),(540,_binary '\0',0,0,'2022-08-08',86,2022000017),(541,_binary '',0,1,'2022-08-08',86,2022000018),(548,_binary '',1,0,'2022-08-01',90,2022000013),(549,_binary '\0',0,0,'2022-08-01',90,2022000014),(550,_binary '',2,0,'2022-08-01',90,2022000015),(551,_binary '\0',0,0,'2022-08-01',90,2022000016),(552,_binary '',3,0,'2022-08-01',90,2022000017),(553,_binary '',2,1,'2022-08-01',90,2022000018),(554,_binary '',1,0,'2022-08-08',90,2022000013),(555,_binary '',2,0,'2022-08-08',90,2022000014),(556,_binary '\0',0,0,'2022-08-08',90,2022000015),(557,_binary '\0',0,0,'2022-08-08',90,2022000016),(558,_binary '\0',0,0,'2022-08-08',90,2022000017),(559,_binary '',0,1,'2022-08-08',90,2022000018),(565,_binary '',1,0,'2022-08-02',47,2022000013),(566,_binary '\0',0,0,'2022-08-02',47,2022000014),(567,_binary '',2,0,'2022-08-02',47,2022000015),(568,_binary '\0',0,0,'2022-08-02',47,2022000016),(569,_binary '',3,0,'2022-08-02',47,2022000017),(570,_binary '',2,1,'2022-08-02',47,2022000018),(571,_binary '\0',0,0,'2022-08-09',47,2022000013),(572,_binary '',2,0,'2022-08-09',47,2022000014),(573,_binary '\0',0,0,'2022-08-09',47,2022000015),(574,_binary '',1,2,'2022-08-09',47,2022000016),(575,_binary '',3,0,'2022-08-09',47,2022000017),(576,_binary '',0,1,'2022-08-09',47,2022000018),(577,_binary '',0,2,'2022-08-16',47,2022000013),(578,_binary '',0,2,'2022-08-16',47,2022000014),(579,_binary '\0',0,0,'2022-08-16',47,2022000015),(580,_binary '',1,2,'2022-08-16',47,2022000016),(581,_binary '',0,1,'2022-08-16',47,2022000017),(582,_binary '',1,1,'2022-08-16',47,2022000018),(583,_binary '',1,0,'2022-08-02',58,2022000013),(584,_binary '',1,0,'2022-08-02',58,2022000014),(585,_binary '',2,0,'2022-08-02',58,2022000015),(586,_binary '\0',0,0,'2022-08-02',58,2022000016),(587,_binary '',3,0,'2022-08-02',58,2022000017),(588,_binary '',2,1,'2022-08-02',58,2022000018),(589,_binary '\0',0,0,'2022-08-09',58,2022000013),(590,_binary '',2,0,'2022-08-09',58,2022000014),(591,_binary '\0',0,0,'2022-08-09',58,2022000015),(592,_binary '',1,2,'2022-08-09',58,2022000016),(593,_binary '',3,0,'2022-08-09',58,2022000017),(594,_binary '',0,1,'2022-08-09',58,2022000018),(595,_binary '',0,2,'2022-08-16',58,2022000013),(596,_binary '',0,2,'2022-08-16',58,2022000014),(597,_binary '',2,1,'2022-08-16',58,2022000015),(598,_binary '',1,2,'2022-08-16',58,2022000016),(599,_binary '',0,1,'2022-08-16',58,2022000017),(600,_binary '',1,1,'2022-08-16',58,2022000018),(601,_binary '',1,0,'2022-08-02',66,2022000013),(602,_binary '\0',0,0,'2022-08-02',66,2022000014),(603,_binary '',2,0,'2022-08-02',66,2022000015),(604,_binary '\0',0,0,'2022-08-02',66,2022000016),(605,_binary '',3,0,'2022-08-02',66,2022000017),(606,_binary '',2,1,'2022-08-02',66,2022000018),(607,_binary '\0',0,0,'2022-08-09',66,2022000013),(608,_binary '',2,0,'2022-08-09',66,2022000014),(609,_binary '\0',0,0,'2022-08-09',66,2022000015),(610,_binary '',1,2,'2022-08-09',66,2022000016),(611,_binary '',3,0,'2022-08-09',66,2022000017),(612,_binary '',0,1,'2022-08-09',66,2022000018),(613,_binary '',0,2,'2022-08-16',66,2022000013),(614,_binary '',0,2,'2022-08-16',66,2022000014),(615,_binary '\0',0,0,'2022-08-16',66,2022000015),(616,_binary '',1,2,'2022-08-16',66,2022000016),(617,_binary '',0,1,'2022-08-16',66,2022000017),(618,_binary '',1,1,'2022-08-16',66,2022000018),(619,_binary '',1,0,'2022-08-02',67,2022000013),(620,_binary '\0',0,0,'2022-08-02',67,2022000014),(621,_binary '',2,0,'2022-08-02',67,2022000015),(622,_binary '\0',0,0,'2022-08-02',67,2022000016),(623,_binary '',3,0,'2022-08-02',67,2022000017),(624,_binary '',2,1,'2022-08-02',67,2022000018),(625,_binary '\0',0,0,'2022-08-09',67,2022000013),(626,_binary '',2,0,'2022-08-09',67,2022000014),(627,_binary '\0',0,0,'2022-08-09',67,2022000015),(628,_binary '',1,2,'2022-08-09',67,2022000016),(629,_binary '',3,0,'2022-08-09',67,2022000017),(630,_binary '',0,1,'2022-08-09',67,2022000018),(631,_binary '',0,2,'2022-08-16',67,2022000013),(632,_binary '',0,2,'2022-08-16',67,2022000014),(633,_binary '\0',0,0,'2022-08-16',67,2022000015),(634,_binary '',1,2,'2022-08-16',67,2022000016),(635,_binary '',0,1,'2022-08-16',67,2022000017),(636,_binary '',1,1,'2022-08-16',67,2022000018),(637,_binary '',1,0,'2022-08-02',73,2022000013),(638,_binary '\0',0,0,'2022-08-02',73,2022000014),(639,_binary '',2,0,'2022-08-02',73,2022000015),(640,_binary '\0',0,0,'2022-08-02',73,2022000016),(641,_binary '',3,0,'2022-08-02',73,2022000017),(642,_binary '',2,1,'2022-08-02',73,2022000018),(643,_binary '',3,1,'2022-08-09',73,2022000013),(644,_binary '',2,0,'2022-08-09',73,2022000014),(645,_binary '\0',0,0,'2022-08-09',73,2022000015),(646,_binary '',1,2,'2022-08-09',73,2022000016),(647,_binary '',3,0,'2022-08-09',73,2022000017),(648,_binary '',0,1,'2022-08-09',73,2022000018),(649,_binary '',0,2,'2022-08-16',73,2022000013),(650,_binary '',0,2,'2022-08-16',73,2022000014),(651,_binary '\0',0,0,'2022-08-16',73,2022000015),(652,_binary '',1,2,'2022-08-16',73,2022000016),(653,_binary '',0,1,'2022-08-16',73,2022000017),(654,_binary '',1,1,'2022-08-16',73,2022000018),(655,_binary '',1,0,'2022-08-02',84,2022000013),(656,_binary '\0',0,0,'2022-08-02',84,2022000014),(657,_binary '',2,0,'2022-08-02',84,2022000015),(658,_binary '\0',0,0,'2022-08-02',84,2022000016),(659,_binary '',3,0,'2022-08-02',84,2022000017),(660,_binary '',2,1,'2022-08-02',84,2022000018),(661,_binary '\0',0,0,'2022-08-09',84,2022000013),(662,_binary '',2,0,'2022-08-09',84,2022000014),(663,_binary '\0',0,0,'2022-08-09',84,2022000015),(664,_binary '',1,2,'2022-08-09',84,2022000016),(665,_binary '',3,0,'2022-08-09',84,2022000017),(666,_binary '',0,1,'2022-08-09',84,2022000018),(667,_binary '',0,2,'2022-08-16',84,2022000013),(668,_binary '',0,2,'2022-08-16',84,2022000014),(669,_binary '\0',0,0,'2022-08-16',84,2022000015),(670,_binary '',1,2,'2022-08-16',84,2022000016),(671,_binary '',0,1,'2022-08-16',84,2022000017),(672,_binary '',1,1,'2022-08-16',84,2022000018),(673,_binary '',1,0,'2022-08-02',91,2022000013),(674,_binary '\0',0,0,'2022-08-02',91,2022000014),(675,_binary '',2,0,'2022-08-02',91,2022000015),(676,_binary '\0',0,0,'2022-08-02',91,2022000016),(677,_binary '',3,0,'2022-08-02',91,2022000017),(678,_binary '',2,1,'2022-08-02',91,2022000018),(679,_binary '\0',0,0,'2022-08-09',91,2022000013),(680,_binary '',2,0,'2022-08-09',91,2022000014),(681,_binary '',4,1,'2022-08-09',91,2022000015),(682,_binary '',1,2,'2022-08-09',91,2022000016),(683,_binary '',3,0,'2022-08-09',91,2022000017),(684,_binary '',0,1,'2022-08-09',91,2022000018),(685,_binary '',0,2,'2022-08-16',91,2022000013),(686,_binary '',0,2,'2022-08-16',91,2022000014),(687,_binary '\0',0,0,'2022-08-16',91,2022000015),(688,_binary '',1,2,'2022-08-16',91,2022000016),(689,_binary '',0,1,'2022-08-16',91,2022000017),(690,_binary '',1,1,'2022-08-16',91,2022000018),(691,_binary '',1,0,'2022-08-03',44,2022000013),(692,_binary '',1,1,'2022-08-03',44,2022000014),(693,_binary '',2,0,'2022-08-03',44,2022000015),(694,_binary '\0',0,0,'2022-08-03',44,2022000016),(695,_binary '',3,0,'2022-08-03',44,2022000017),(696,_binary '',2,1,'2022-08-03',44,2022000018),(697,_binary '\0',0,0,'2022-08-10',44,2022000013),(698,_binary '',2,0,'2022-08-10',44,2022000014),(699,_binary '\0',0,0,'2022-08-10',44,2022000015),(700,_binary '',1,2,'2022-08-10',44,2022000016),(701,_binary '',3,0,'2022-08-10',44,2022000017),(702,_binary '',0,1,'2022-08-10',44,2022000018),(709,_binary '',1,0,'2022-08-03',49,2022000013),(710,_binary '\0',0,0,'2022-08-03',49,2022000014),(711,_binary '',2,0,'2022-08-03',49,2022000015),(712,_binary '\0',0,0,'2022-08-03',49,2022000016),(713,_binary '',3,0,'2022-08-03',49,2022000017),(714,_binary '',2,1,'2022-08-03',49,2022000018),(715,_binary '\0',0,0,'2022-08-10',49,2022000013),(716,_binary '',2,0,'2022-08-10',49,2022000014),(717,_binary '\0',0,0,'2022-08-10',49,2022000015),(718,_binary '',1,2,'2022-08-10',49,2022000016),(719,_binary '',3,0,'2022-08-10',49,2022000017),(720,_binary '',0,1,'2022-08-10',49,2022000018),(727,_binary '',1,0,'2022-08-03',63,2022000013),(728,_binary '\0',0,0,'2022-08-03',63,2022000014),(729,_binary '',2,0,'2022-08-03',63,2022000015),(730,_binary '\0',0,0,'2022-08-03',63,2022000016),(731,_binary '',3,0,'2022-08-03',63,2022000017),(732,_binary '',2,1,'2022-08-03',63,2022000018),(733,_binary '',1,1,'2022-08-10',63,2022000013),(734,_binary '',2,0,'2022-08-10',63,2022000014),(735,_binary '\0',0,0,'2022-08-10',63,2022000015),(736,_binary '',1,2,'2022-08-10',63,2022000016),(737,_binary '',3,0,'2022-08-10',63,2022000017),(738,_binary '',0,1,'2022-08-10',63,2022000018),(745,_binary '',1,0,'2022-08-03',70,2022000013),(746,_binary '\0',0,0,'2022-08-03',70,2022000014),(747,_binary '',2,0,'2022-08-03',70,2022000015),(748,_binary '\0',0,0,'2022-08-03',70,2022000016),(749,_binary '',3,0,'2022-08-03',70,2022000017),(750,_binary '',2,1,'2022-08-03',70,2022000018),(751,_binary '\0',0,0,'2022-08-10',70,2022000013),(752,_binary '',2,0,'2022-08-10',70,2022000014),(753,_binary '\0',0,0,'2022-08-10',70,2022000015),(754,_binary '',1,2,'2022-08-10',70,2022000016),(755,_binary '',3,0,'2022-08-10',70,2022000017),(756,_binary '',0,1,'2022-08-10',70,2022000018),(763,_binary '',1,0,'2022-08-03',79,2022000013),(764,_binary '\0',0,0,'2022-08-03',79,2022000014),(765,_binary '',2,0,'2022-08-03',79,2022000015),(766,_binary '\0',0,0,'2022-08-03',79,2022000016),(767,_binary '',3,0,'2022-08-03',79,2022000017),(768,_binary '',2,1,'2022-08-03',79,2022000018),(769,_binary '',0,1,'2022-08-10',79,2022000013),(770,_binary '',2,0,'2022-08-10',79,2022000014),(771,_binary '\0',0,0,'2022-08-10',79,2022000015),(772,_binary '',1,2,'2022-08-10',79,2022000016),(773,_binary '',3,0,'2022-08-10',79,2022000017),(774,_binary '',0,1,'2022-08-10',79,2022000018),(781,_binary '',1,0,'2022-08-03',85,2022000013),(782,_binary '\0',0,0,'2022-08-03',85,2022000014),(783,_binary '',2,0,'2022-08-03',85,2022000015),(784,_binary '\0',0,0,'2022-08-03',85,2022000016),(785,_binary '',3,0,'2022-08-03',85,2022000017),(786,_binary '',2,1,'2022-08-03',85,2022000018),(787,_binary '\0',0,0,'2022-08-10',85,2022000013),(788,_binary '',2,0,'2022-08-10',85,2022000014),(789,_binary '',5,1,'2022-08-10',85,2022000015),(790,_binary '',1,2,'2022-08-10',85,2022000016),(791,_binary '',3,0,'2022-08-10',85,2022000017),(792,_binary '',0,1,'2022-08-10',85,2022000018),(799,_binary '',1,0,'2022-08-03',87,2022000013),(800,_binary '\0',0,0,'2022-08-03',87,2022000014),(801,_binary '',2,0,'2022-08-03',87,2022000015),(802,_binary '\0',0,0,'2022-08-03',87,2022000016),(803,_binary '',3,0,'2022-08-03',87,2022000017),(804,_binary '',2,1,'2022-08-03',87,2022000018),(805,_binary '\0',0,0,'2022-08-10',87,2022000013),(806,_binary '',2,0,'2022-08-10',87,2022000014),(807,_binary '',0,0,'2022-08-10',87,2022000015),(808,_binary '\0',0,0,'2022-08-10',87,2022000016),(809,_binary '',3,0,'2022-08-10',87,2022000017),(810,_binary '',0,1,'2022-08-10',87,2022000018),(817,_binary '',1,0,'2022-08-04',46,2022000013),(818,_binary '\0',0,0,'2022-08-04',46,2022000014),(819,_binary '',2,0,'2022-08-04',46,2022000015),(820,_binary '\0',0,0,'2022-08-04',46,2022000016),(821,_binary '',3,0,'2022-08-04',46,2022000017),(822,_binary '',2,1,'2022-08-04',46,2022000018),(823,_binary '\0',0,0,'2022-08-11',46,2022000013),(824,_binary '',2,0,'2022-08-11',46,2022000014),(825,_binary '\0',0,0,'2022-08-11',46,2022000015),(826,_binary '',1,2,'2022-08-11',46,2022000016),(827,_binary '',3,0,'2022-08-11',46,2022000017),(828,_binary '',0,1,'2022-08-11',46,2022000018),(835,_binary '',1,0,'2022-08-04',57,2022000013),(836,_binary '\0',0,0,'2022-08-04',57,2022000014),(837,_binary '',2,0,'2022-08-04',57,2022000015),(838,_binary '\0',0,0,'2022-08-04',57,2022000016),(839,_binary '',3,0,'2022-08-04',57,2022000017),(840,_binary '',2,1,'2022-08-04',57,2022000018),(841,_binary '',0,1,'2022-08-11',57,2022000013),(842,_binary '',2,0,'2022-08-11',57,2022000014),(843,_binary '\0',0,0,'2022-08-11',57,2022000015),(844,_binary '',1,2,'2022-08-11',57,2022000016),(845,_binary '',3,0,'2022-08-11',57,2022000017),(846,_binary '',0,1,'2022-08-11',57,2022000018),(853,_binary '',1,0,'2022-08-04',64,2022000013),(854,_binary '\0',0,0,'2022-08-04',64,2022000014),(855,_binary '',2,0,'2022-08-04',64,2022000015),(856,_binary '\0',0,0,'2022-08-04',64,2022000016),(857,_binary '',3,0,'2022-08-04',64,2022000017),(858,_binary '',2,1,'2022-08-04',64,2022000018),(859,_binary '\0',0,0,'2022-08-11',64,2022000013),(860,_binary '',2,0,'2022-08-11',64,2022000014),(861,_binary '\0',0,0,'2022-08-11',64,2022000015),(862,_binary '',1,2,'2022-08-11',64,2022000016),(863,_binary '',3,0,'2022-08-11',64,2022000017),(864,_binary '',0,1,'2022-08-11',64,2022000018),(871,_binary '',1,0,'2022-08-04',68,2022000013),(872,_binary '\0',0,0,'2022-08-04',68,2022000014),(873,_binary '',2,0,'2022-08-04',68,2022000015),(874,_binary '\0',0,0,'2022-08-04',68,2022000016),(875,_binary '',3,0,'2022-08-04',68,2022000017),(876,_binary '',2,1,'2022-08-04',68,2022000018),(877,_binary '\0',0,0,'2022-08-11',68,2022000013),(878,_binary '',2,0,'2022-08-11',68,2022000014),(879,_binary '\0',0,0,'2022-08-11',68,2022000015),(880,_binary '',1,2,'2022-08-11',68,2022000016),(881,_binary '',3,0,'2022-08-11',68,2022000017),(882,_binary '',0,1,'2022-08-11',68,2022000018),(889,_binary '',1,0,'2022-08-04',76,2022000013),(890,_binary '',1,0,'2022-08-04',76,2022000014),(891,_binary '',2,0,'2022-08-04',76,2022000015),(892,_binary '\0',0,0,'2022-08-04',76,2022000016),(893,_binary '',3,0,'2022-08-04',76,2022000017),(894,_binary '',2,1,'2022-08-04',76,2022000018),(895,_binary '',0,1,'2022-08-11',76,2022000013),(896,_binary '',2,0,'2022-08-11',76,2022000014),(897,_binary '\0',0,0,'2022-08-11',76,2022000015),(898,_binary '',1,2,'2022-08-11',76,2022000016),(899,_binary '',3,0,'2022-08-11',76,2022000017),(900,_binary '',0,1,'2022-08-11',76,2022000018),(907,_binary '',1,0,'2022-08-04',83,2022000013),(908,_binary '\0',0,0,'2022-08-04',83,2022000014),(909,_binary '',2,0,'2022-08-04',83,2022000015),(910,_binary '\0',0,0,'2022-08-04',83,2022000016),(911,_binary '',3,0,'2022-08-04',83,2022000017),(912,_binary '',2,1,'2022-08-04',83,2022000018),(913,_binary '\0',0,0,'2022-08-11',83,2022000013),(914,_binary '',2,0,'2022-08-11',83,2022000014),(915,_binary '\0',0,0,'2022-08-11',83,2022000015),(916,_binary '',1,2,'2022-08-11',83,2022000016),(917,_binary '',3,0,'2022-08-11',83,2022000017),(918,_binary '',0,1,'2022-08-11',83,2022000018),(925,_binary '',1,0,'2022-08-04',89,2022000013),(926,_binary '\0',0,0,'2022-08-04',89,2022000014),(927,_binary '',2,0,'2022-08-04',89,2022000015),(928,_binary '\0',0,0,'2022-08-04',89,2022000016),(929,_binary '',3,0,'2022-08-04',89,2022000017),(930,_binary '',2,1,'2022-08-04',89,2022000018),(931,_binary '\0',0,0,'2022-08-11',89,2022000013),(932,_binary '',2,0,'2022-08-11',89,2022000014),(933,_binary '',0,0,'2022-08-11',89,2022000015),(934,_binary '\0',0,0,'2022-08-11',89,2022000016),(935,_binary '',3,0,'2022-08-11',89,2022000017),(936,_binary '',0,1,'2022-08-11',89,2022000018),(943,_binary '',1,0,'2022-08-05',48,2022000013),(944,_binary '\0',0,0,'2022-08-05',48,2022000014),(945,_binary '',2,0,'2022-08-05',48,2022000015),(946,_binary '\0',0,0,'2022-08-05',48,2022000016),(947,_binary '',3,0,'2022-08-05',48,2022000017),(948,_binary '',2,1,'2022-08-05',48,2022000018),(949,_binary '\0',0,0,'2022-08-12',48,2022000013),(950,_binary '',2,0,'2022-08-12',48,2022000014),(951,_binary '',1,1,'2022-08-12',48,2022000015),(952,_binary '',1,2,'2022-08-12',48,2022000016),(953,_binary '',3,0,'2022-08-12',48,2022000017),(954,_binary '',0,1,'2022-08-12',48,2022000018),(955,_binary '',1,0,'2022-08-05',55,2022000013),(956,_binary '\0',0,0,'2022-08-05',55,2022000014),(957,_binary '',2,0,'2022-08-05',55,2022000015),(958,_binary '\0',0,0,'2022-08-05',55,2022000016),(959,_binary '',3,0,'2022-08-05',55,2022000017),(960,_binary '',2,1,'2022-08-05',55,2022000018),(961,_binary '\0',0,0,'2022-08-12',55,2022000013),(962,_binary '',2,0,'2022-08-12',55,2022000014),(963,_binary '\0',0,0,'2022-08-12',55,2022000015),(964,_binary '',1,2,'2022-08-12',55,2022000016),(965,_binary '',3,0,'2022-08-12',55,2022000017),(966,_binary '',0,1,'2022-08-12',55,2022000018),(967,_binary '',1,0,'2022-08-05',59,2022000013),(968,_binary '\0',0,0,'2022-08-05',59,2022000014),(969,_binary '',2,0,'2022-08-05',59,2022000015),(970,_binary '\0',0,0,'2022-08-05',59,2022000016),(971,_binary '',3,0,'2022-08-05',59,2022000017),(972,_binary '',2,1,'2022-08-05',59,2022000018),(973,_binary '',0,0,'2022-08-12',59,2022000013),(974,_binary '',2,0,'2022-08-12',59,2022000014),(975,_binary '\0',0,0,'2022-08-12',59,2022000015),(976,_binary '',1,2,'2022-08-12',59,2022000016),(977,_binary '',3,0,'2022-08-12',59,2022000017),(978,_binary '',0,1,'2022-08-12',59,2022000018),(979,_binary '',1,0,'2022-08-05',71,2022000013),(980,_binary '',1,0,'2022-08-05',71,2022000014),(981,_binary '',2,0,'2022-08-05',71,2022000015),(982,_binary '\0',0,0,'2022-08-05',71,2022000016),(983,_binary '',3,0,'2022-08-05',71,2022000017),(984,_binary '',2,1,'2022-08-05',71,2022000018),(985,_binary '\0',0,0,'2022-08-12',71,2022000013),(986,_binary '',2,0,'2022-08-12',71,2022000014),(987,_binary '\0',0,0,'2022-08-12',71,2022000015),(988,_binary '',1,2,'2022-08-12',71,2022000016),(989,_binary '',3,0,'2022-08-12',71,2022000017),(990,_binary '',0,1,'2022-08-12',71,2022000018),(991,_binary '',1,0,'2022-08-05',82,2022000013),(992,_binary '\0',0,0,'2022-08-05',82,2022000014),(993,_binary '',2,0,'2022-08-05',82,2022000015),(994,_binary '\0',0,0,'2022-08-05',82,2022000016),(995,_binary '',3,0,'2022-08-05',82,2022000017),(996,_binary '',2,1,'2022-08-05',82,2022000018),(997,_binary '\0',0,0,'2022-08-12',82,2022000016),(998,_binary '',2,0,'2022-08-12',82,2022000017),(999,_binary '\0',0,0,'2022-08-12',82,2022000018),(1000,_binary '',1,2,'2022-08-12',78,2022000016),(1001,_binary '',3,0,'2022-08-12',78,2022000017),(1002,_binary '',0,1,'2022-08-12',78,2022000018),(1003,_binary '',1,0,'2022-08-05',78,2022000013),(1004,_binary '\0',0,0,'2022-08-05',78,2022000014),(1005,_binary '',2,0,'2022-08-05',78,2022000015),(1006,_binary '\0',0,0,'2022-08-05',78,2022000016),(1007,_binary '',3,0,'2022-08-05',78,2022000017),(1008,_binary '',2,1,'2022-08-05',78,2022000018),(1009,_binary '\0',0,0,'2022-08-12',78,2022000013),(1010,_binary '',2,0,'2022-08-12',78,2022000014),(1011,_binary '',1,1,'2022-08-12',78,2022000015),(1015,_binary '',1,0,'2022-08-05',92,2022000013),(1016,_binary '\0',0,0,'2022-08-05',92,2022000014),(1017,_binary '',2,0,'2022-08-05',92,2022000015),(1018,_binary '\0',0,0,'2022-08-05',92,2022000016),(1019,_binary '',3,0,'2022-08-05',92,2022000017),(1020,_binary '',2,1,'2022-08-05',92,2022000018),(1021,_binary '\0',0,0,'2022-08-12',92,2022000013),(1022,_binary '',2,0,'2022-08-12',92,2022000014),(1023,_binary '\0',0,0,'2022-08-12',92,2022000015),(1024,_binary '',1,2,'2022-08-12',92,2022000016),(1025,_binary '',3,0,'2022-08-12',92,2022000017),(1026,_binary '',0,1,'2022-08-12',92,2022000018),(1027,_binary '',1,3,'2022-08-16',79,2022000013),(1028,_binary '\0',0,0,'2022-08-16',79,2022000014),(1029,_binary '',2,1,'2022-08-16',79,2022000015),(1030,_binary '\0',0,0,'2022-08-16',79,2022000016),(1031,_binary '',0,0,'2022-08-16',79,2022000017),(1032,_binary '\0',0,0,'2022-08-16',79,2022000018),(1102,_binary '',0,3,'2022-08-17',44,2022000015),(1103,_binary '\0',0,0,'2022-08-17',44,2022000013),(1104,_binary '',5,1,'2022-08-17',44,2022000014),(1105,_binary '',1,2,'2022-08-17',44,2022000016),(1106,_binary '',2,1,'2022-08-17',44,2022000017),(1107,_binary '\0',0,0,'2022-08-17',44,2022000018),(1122,_binary '',0,3,'2022-08-17',49,2022000015),(1123,_binary '\0',0,0,'2022-08-17',49,2022000013),(1124,_binary '',5,1,'2022-08-17',49,2022000014),(1125,_binary '',1,2,'2022-08-17',49,2022000016),(1126,_binary '',2,1,'2022-08-17',49,2022000017),(1127,_binary '\0',0,0,'2022-08-17',49,2022000018),(1128,_binary '',0,3,'2022-08-17',63,2022000013),(1129,_binary '\0',0,0,'2022-08-17',63,2022000014),(1130,_binary '',5,1,'2022-08-17',63,2022000015),(1131,_binary '',1,2,'2022-08-17',63,2022000016),(1132,_binary '',2,1,'2022-08-17',63,2022000018),(1133,_binary '\0',0,0,'2022-08-17',63,2022000017),(1134,_binary '',0,3,'2022-08-17',70,2022000015),(1135,_binary '\0',0,0,'2022-08-17',70,2022000013),(1136,_binary '',5,1,'2022-08-17',70,2022000014),(1137,_binary '',1,2,'2022-08-17',70,2022000016),(1138,_binary '',2,1,'2022-08-17',70,2022000017),(1139,_binary '\0',0,0,'2022-08-17',70,2022000018),(1140,_binary '',0,3,'2022-08-17',79,2022000015),(1141,_binary '\0',0,0,'2022-08-17',79,2022000013),(1142,_binary '',5,1,'2022-08-17',79,2022000014),(1143,_binary '',1,2,'2022-08-17',79,2022000016),(1144,_binary '',2,1,'2022-08-17',79,2022000017),(1145,_binary '\0',0,0,'2022-08-17',79,2022000018),(1146,_binary '',0,3,'2022-08-17',85,2022000015),(1147,_binary '\0',0,0,'2022-08-17',85,2022000013),(1148,_binary '',5,1,'2022-08-17',85,2022000014),(1149,_binary '',1,2,'2022-08-17',85,2022000016),(1150,_binary '',2,1,'2022-08-17',85,2022000017),(1151,_binary '\0',0,0,'2022-08-17',85,2022000018),(1152,_binary '',0,3,'2022-08-17',87,2022000015),(1153,_binary '\0',0,0,'2022-08-17',87,2022000013),(1154,_binary '',5,1,'2022-08-17',87,2022000014),(1155,_binary '',1,2,'2022-08-17',87,2022000016),(1156,_binary '',2,1,'2022-08-17',87,2022000017),(1157,_binary '\0',0,0,'2022-08-17',87,2022000018),(1158,_binary '',0,3,'2022-08-18',46,2022000015),(1159,_binary '\0',0,0,'2022-08-18',46,2022000013),(1160,_binary '',5,1,'2022-08-18',46,2022000014),(1161,_binary '',1,2,'2022-08-18',46,2022000016),(1162,_binary '',2,1,'2022-08-18',46,2022000017),(1163,_binary '\0',0,0,'2022-08-18',46,2022000018),(1164,_binary '',0,3,'2022-08-18',57,2022000013),(1165,_binary '\0',0,0,'2022-08-18',57,2022000014),(1166,_binary '',5,1,'2022-08-18',57,2022000015),(1167,_binary '',1,2,'2022-08-18',57,2022000016),(1168,_binary '',2,1,'2022-08-18',57,2022000018),(1169,_binary '\0',0,0,'2022-08-18',57,2022000017),(1170,_binary '',0,3,'2022-08-18',64,2022000015),(1171,_binary '\0',0,0,'2022-08-18',64,2022000013),(1172,_binary '',5,1,'2022-08-18',64,2022000014),(1173,_binary '',1,2,'2022-08-18',64,2022000016),(1174,_binary '',2,1,'2022-08-18',64,2022000017),(1175,_binary '\0',0,0,'2022-08-18',64,2022000018),(1176,_binary '',0,3,'2022-08-18',68,2022000015),(1177,_binary '\0',0,0,'2022-08-18',68,2022000013),(1178,_binary '',5,1,'2022-08-18',68,2022000014),(1179,_binary '',1,2,'2022-08-18',68,2022000016),(1180,_binary '',2,1,'2022-08-18',68,2022000017),(1181,_binary '\0',0,0,'2022-08-18',68,2022000018),(1182,_binary '',0,3,'2022-08-18',76,2022000015),(1183,_binary '\0',0,0,'2022-08-18',76,2022000013),(1184,_binary '',5,1,'2022-08-18',76,2022000014),(1185,_binary '',1,2,'2022-08-18',76,2022000016),(1186,_binary '',2,1,'2022-08-18',76,2022000017),(1187,_binary '\0',0,0,'2022-08-18',76,2022000018),(1188,_binary '',0,3,'2022-08-18',83,2022000015),(1189,_binary '\0',0,0,'2022-08-18',83,2022000013),(1190,_binary '',5,1,'2022-08-18',83,2022000014),(1191,_binary '',1,2,'2022-08-18',83,2022000016),(1192,_binary '',2,1,'2022-08-18',83,2022000017),(1193,_binary '\0',0,0,'2022-08-18',83,2022000018),(1194,_binary '',0,3,'2022-08-18',89,2022000015),(1195,_binary '\0',0,0,'2022-08-18',89,2022000013),(1196,_binary '',5,1,'2022-08-18',89,2022000014),(1197,_binary '',1,2,'2022-08-18',89,2022000016),(1198,_binary '',2,1,'2022-08-18',89,2022000017),(1199,_binary '\0',0,0,'2022-08-18',89,2022000018),(1200,_binary '',0,3,'2022-08-19',48,2022000015),(1201,_binary '\0',0,0,'2022-08-19',48,2022000013),(1202,_binary '',5,1,'2022-08-19',48,2022000014),(1203,_binary '',1,2,'2022-08-19',48,2022000016),(1204,_binary '',2,1,'2022-08-19',48,2022000017),(1205,_binary '\0',0,0,'2022-08-19',48,2022000018),(1206,_binary '',0,3,'2022-08-19',55,2022000013),(1207,_binary '\0',0,0,'2022-08-19',55,2022000014),(1208,_binary '',5,1,'2022-08-19',55,2022000015),(1209,_binary '',1,2,'2022-08-19',55,2022000016),(1210,_binary '',2,1,'2022-08-19',55,2022000018),(1211,_binary '\0',0,0,'2022-08-19',55,2022000017),(1212,_binary '',0,3,'2022-08-19',59,2022000015),(1213,_binary '\0',0,0,'2022-08-19',59,2022000013),(1214,_binary '',5,1,'2022-08-19',59,2022000014),(1215,_binary '',1,2,'2022-08-19',59,2022000016),(1216,_binary '',2,1,'2022-08-19',59,2022000017),(1217,_binary '\0',0,0,'2022-08-19',59,2022000018),(1218,_binary '',0,3,'2022-08-19',71,2022000015),(1219,_binary '\0',0,0,'2022-08-19',71,2022000013),(1220,_binary '',5,1,'2022-08-19',71,2022000014),(1221,_binary '',1,2,'2022-08-19',71,2022000016),(1222,_binary '',2,1,'2022-08-19',71,2022000017),(1223,_binary '\0',0,0,'2022-08-19',71,2022000018),(1233,_binary '',6,1,'2022-08-12',82,2022000015),(1234,_binary '',4,0,'2022-08-12',82,2022000014),(1235,_binary '\0',0,0,'2022-08-12',82,2022000013),(1355,_binary '',0,0,'2022-08-18',68,2022000018),(1356,_binary '\0',0,0,'2022-08-18',68,2022000013),(1357,_binary '\0',0,0,'2022-08-18',68,2022000014),(1358,_binary '\0',0,0,'2022-08-18',68,2022000015),(1359,_binary '\0',0,0,'2022-08-18',68,2022000016),(1360,_binary '\0',0,0,'2022-08-18',68,2022000017);
/*!40000 ALTER TABLE `log` ENABLE KEYS */;
UNLOCK TABLES;

--
-- Table structure for table `notice`
--

DROP TABLE IF EXISTS `notice`;
/*!40101 SET @saved_cs_client     = @@character_set_client */;
/*!50503 SET character_set_client = utf8mb4 */;
CREATE TABLE `notice` (
  `notice_id` int(11) NOT NULL AUTO_INCREMENT,
  `content` varchar(2000) NOT NULL,
  `regtime` datetime(6) NOT NULL,
  `title` varchar(50) NOT NULL,
  `class_id` int(11) NOT NULL,
  `teacher_id` int(11) NOT NULL,
  PRIMARY KEY (`notice_id`),
  KEY `FKega6jnennvbfm4e1ag2b033v1` (`class_id`),
  KEY `FKjq1le1l7f69ymysrp51yrfvjh` (`teacher_id`),
  CONSTRAINT `FKega6jnennvbfm4e1ag2b033v1` FOREIGN KEY (`class_id`) REFERENCES `class` (`class_id`) ON DELETE CASCADE ON UPDATE CASCADE,
  CONSTRAINT `FKjq1le1l7f69ymysrp51yrfvjh` FOREIGN KEY (`teacher_id`) REFERENCES `teacher` (`teacher_id`) ON DELETE CASCADE ON UPDATE CASCADE
) ENGINE=InnoDB AUTO_INCREMENT=126 DEFAULT CHARSET=utf8mb4;
/*!40101 SET character_set_client = @saved_cs_client */;

--
-- Dumping data for table `notice`
--

LOCK TABLES `notice` WRITE;
/*!40000 ALTER TABLE `notice` DISABLE KEYS */;
INSERT INTO `notice` VALUES (87,'안녕하세요, 국어 선생님 김국어입니다.\n1학기 중간고사 시험범위는 교과서 159p 까지 입니다.\n\n모두 열심히 공부하세요!','2022-08-16 21:46:43.627000','1학년 3반 국어 1학기 중간고사 시험범위 안내',42,4030001),(88,'이번주에는 나무로 작은 수납장을 만들어볼거예요! 집으로 보낸 키트를 꼭 챙겨와주세요!','2022-08-16 21:47:53.276000','1학년 3반 여러분~~ ',49,4030002),(89,'사회 중간고사는 교과서 120페이지까지입니다. -남은열T-','2022-08-16 21:48:39.022000','사회 중간고사 시험범위 알림',73,4030003),(90,'정보 교과서 190페이지 까지 입니다.','2022-08-16 21:50:19.782000','1학년 3반 1학기 중간고사 시험범위 안내',44,4030004),(91,'정보 교과서 190페이지 까지 입니다.','2022-08-16 21:50:34.774000','1학년 1반 1학기 중간고사 시험범위 안내',43,4030004),(92,' 정보 교과서 190페이지 까지 입니다.','2022-08-16 21:50:46.261000','3학년 2반 1학기 중간고사 시험범위 안내',45,4030004),(93,' 정보 교과서 190페이지 까지 입니다.','2022-08-16 21:50:57.761000',' 2-2 정보 시험범위 안내',50,4030004),(94,' 정보 교과서 190페이지 까지 입니다.','2022-08-16 21:51:10.832000','2-3 정보 1학기 중간고사 시험 안내',51,4030004),(95,' 정보 교과서 190페이지 까지 입니다.','2022-08-16 21:51:23.778000','1학년 2반 중간고사 시험범위 안내',52,4030004),(96,' 정보 교과서 190페이지 까지 입니다.','2022-08-16 21:51:51.639000','3학년 1반 중간고사 시험범위 안내',60,4030004),(97,' 정보 교과서 190페이지 까지 입니다.','2022-08-16 21:52:12.974000','3-3 중간고사 시험범위 안내',88,4030004),(98,' 정보 교과서 190페이지 까지 입니다.','2022-08-16 21:52:33.918000','2학년 1반 중간고사 시험범위 안내',69,4030004),(99,'붓과 물감을 챙겨오세요!','2022-08-16 21:53:17.350000','1학년 3반 학생들 ~ 이번주 미술 준비물입니다.',55,4030005),(100,'1학년 3반 학생여러분~ 이번주 금요일에는 가창 수행평가가 있을 예정입니다! 곡은 애국가입니다. 모두 잘 준비해오세요~','2022-08-16 21:54:13.424000','이번주 금요일 수행평가 예정 안내',56,4030006),(101,'이번주 온라인 수업을 마치고 설문조사가 나갈 예정입니다. 한사람도 빠짐없이 제출해주세요!','2022-08-16 21:59:05.476000','몸으로 하는 운동 수업 설문조사 안내',63,4030007),(102,'다음 수업에는 일본어로 자기소개를 하는 발표시간이 있습니다.\n\n모두 미리 준비해주세요!','2022-08-18 13:04:56.038000','일본어 자기소개를 준비해오세요.',46,4030008),(103,'이번주 교과서 없으면 퐁퐁이 차감입니다~','2022-08-16 22:02:07.579000','도덕교과서 꼭 챙겨오세요.',77,4030009),(104,'이번주 금요일 수학 쪽지시험볼겁니다. 점수가 낮다면 재시험이니 미리미리 공부하세요.','2022-08-16 22:03:15.257000','수학 쪽지시험 봅니다.',64,4030010),(105,'과학 실험을 위해 안전사고 교육영상을 시청해야합니다. 미리미리 들으세요!','2022-08-16 22:03:58.770000','과학 안전사고 교육영상 시청 안내',47,4030011),(106,'다음주에 있을 현장체험학습은 코로나로 인해 연기되었음을 알려드립니다. 정확한 날짜는 추후 다시 공지예정입니다.','2022-08-16 22:05:02.587000','다음주에 있을 현장체험학습 관련 안내사항',57,4030012),(107,'기존에 사용하고 있던 교과서를 교체합니다. 도서 비용은 학교에서 부담하오니, 미리 구매하시길 바랍니다.','2022-08-16 22:05:48.381000','새로운 중국어 책 구매하세요',65,4030013),(108,'교과서 120p 까지 전부입니다. 객관식 25문항, 주관식 5문항으로 이루어져있으니 참고바랍니다.','2022-08-16 22:06:44.941000','영어 1학기 중간고사 시험범위 안내',48,4030014),(109,'수업시간에 미처 공지하지 못해 이렇게 글씁니다~\n\n30p 까지 있는 한자를 3번씩 써오기 숙제입니다.\n\n다음주에 검사합니다~','2022-08-18 10:21:42.572000','1학년 3반 여러분 한문 숙제있어요~',91,4030015),(110,'금요일에는 각자 집에서 요리하기가 실습으로 포함되어있으니, 요리 관련 준비물을 챙겨오세요~~','2022-08-17 20:25:18.571000','가정수업 준비물 안내',49,4030016),(125,'과학 1-3 수업은 국어로 대체됩니다. 교과서 미리 준비해주세요','2022-08-17 23:22:06.270000','과학 -> 국어 수업 변경',47,5030001);
/*!40000 ALTER TABLE `notice` ENABLE KEYS */;
UNLOCK TABLES;

--
-- Table structure for table `ranking`
--

DROP TABLE IF EXISTS `ranking`;
/*!40101 SET @saved_cs_client     = @@character_set_client */;
/*!50503 SET character_set_client = utf8mb4 */;
CREATE TABLE `ranking` (
  `rank_id` int(11) NOT NULL AUTO_INCREMENT,
  `rank_num` int(11) NOT NULL,
  `total_point` int(11) NOT NULL,
  `student_id` int(11) NOT NULL,
  PRIMARY KEY (`rank_id`),
  KEY `FKsn8b6r7q4qh4u4w63yku7qo02` (`student_id`),
  CONSTRAINT `FKsn8b6r7q4qh4u4w63yku7qo02` FOREIGN KEY (`student_id`) REFERENCES `student` (`student_id`) ON DELETE CASCADE
) ENGINE=InnoDB AUTO_INCREMENT=7113 DEFAULT CHARSET=utf8mb4;
/*!40101 SET character_set_client = @saved_cs_client */;

--
-- Dumping data for table `ranking`
--

LOCK TABLES `ranking` WRITE;
/*!40000 ALTER TABLE `ranking` DISABLE KEYS */;
INSERT INTO `ranking` VALUES (7071,1,231,2022000013),(7072,2,184,2022000017),(7073,3,160,2022000016),(7074,4,122,2022000018),(7075,5,99,2022000015),(7076,6,90,2022000014),(7077,7,51,2022000010),(7078,8,35,2022000025),(7079,9,29,2022000035),(7080,10,23,2022000005),(7081,10,23,2022000021),(7082,12,16,2022000001),(7083,13,15,2022000041),(7084,14,5,2022000002),(7085,15,1,2022000029),(7086,16,0,2022000003),(7087,16,0,2022000004),(7088,16,0,2022000006),(7089,16,0,2022000007),(7090,16,0,2022000008),(7091,16,0,2022000009),(7092,16,0,2022000011),(7093,16,0,2022000012),(7094,16,0,2022000019),(7095,16,0,2022000020),(7096,16,0,2022000022),(7097,16,0,2022000023),(7098,16,0,2022000024),(7099,16,0,2022000026),(7100,16,0,2022000027),(7101,16,0,2022000028),(7102,16,0,2022000030),(7103,16,0,2022000031),(7104,16,0,2022000032),(7105,16,0,2022000033),(7106,16,0,2022000034),(7107,16,0,2022000036),(7108,16,0,2022000037),(7109,16,0,2022000038),(7110,16,0,2022000039),(7111,16,0,2022000040),(7112,16,0,2022000042);
/*!40000 ALTER TABLE `ranking` ENABLE KEYS */;
UNLOCK TABLES;

--
-- Table structure for table `record`
--

DROP TABLE IF EXISTS `record`;
/*!40101 SET @saved_cs_client     = @@character_set_client */;
/*!50503 SET character_set_client = utf8mb4 */;
CREATE TABLE `record` (
  `record_id` int(11) NOT NULL AUTO_INCREMENT,
  `video_savetime` date NOT NULL,
  `video_url` varchar(256) NOT NULL,
  `class_id` int(11) NOT NULL,
  PRIMARY KEY (`record_id`),
  KEY `FKjn1vqm08f9d02o5vxyq863qam` (`class_id`),
  CONSTRAINT `FKjn1vqm08f9d02o5vxyq863qam` FOREIGN KEY (`class_id`) REFERENCES `class` (`class_id`) ON DELETE CASCADE ON UPDATE CASCADE
) ENGINE=InnoDB DEFAULT CHARSET=utf8mb4;
/*!40101 SET character_set_client = @saved_cs_client */;

--
-- Dumping data for table `record`
--

LOCK TABLES `record` WRITE;
/*!40000 ALTER TABLE `record` DISABLE KEYS */;
/*!40000 ALTER TABLE `record` ENABLE KEYS */;
UNLOCK TABLES;

--
-- Table structure for table `refresh_token`
--

DROP TABLE IF EXISTS `refresh_token`;
/*!40101 SET @saved_cs_client     = @@character_set_client */;
/*!50503 SET character_set_client = utf8mb4 */;
CREATE TABLE `refresh_token` (
  `rt_key` int(11) NOT NULL,
  `rt_expire_time` datetime(6) DEFAULT NULL,
  `rt_value` varchar(255) DEFAULT NULL,
  PRIMARY KEY (`rt_key`)
) ENGINE=InnoDB DEFAULT CHARSET=utf8mb4;
/*!40101 SET character_set_client = @saved_cs_client */;

--
-- Dumping data for table `refresh_token`
--

LOCK TABLES `refresh_token` WRITE;
/*!40000 ALTER TABLE `refresh_token` DISABLE KEYS */;
INSERT INTO `refresh_token` VALUES (4030001,'2022-08-26 10:30:26.034000','eyJhbGciOiJIUzUxMiJ9.eyJleHAiOjE2NjE0Nzc0MjZ9.HqK49ewBLzsLavmp1t7anDq9T_1lMSqWCZjnwJz1KwNPpQYPphxZTV7bfxVtVjxsrDh-bA2E8-AcCiMUZ8kcgg'),(4030002,'2022-08-25 18:16:58.437000','eyJhbGciOiJIUzUxMiJ9.eyJleHAiOjE2NjE0MTkwMTh9.xhBVbKDaZqonuqRphvsWwIXZ9mDRiVOQj-ess-ScBEOqbQhveq__v5m9tZ22GI5kXUnbU8Sc_wDVZrtoP77cJQ'),(4030003,'2022-08-23 21:48:07.235000','eyJhbGciOiJIUzUxMiJ9.eyJleHAiOjE2NjEyNTg4ODd9.zW48YiU76fyg_HfyJkutbHcrBeRbQ_5yZkCwHp5aUiN96VgaDSgn4uB65j_UyOJ3DVwf7JQXFsaz_t772kOiTg'),(4030004,'2022-08-26 09:57:13.228000','eyJhbGciOiJIUzUxMiJ9.eyJleHAiOjE2NjE0NzU0MzN9.bwSeSfLUZk4xhLflYpVR2wAYVeffT8BE3MoX-dIwgwT4UV91NLbz7lnkDc2iagulxhpUTKwb3dpbZFnYjiSQPg'),(4030005,'2022-08-23 21:52:53.479000','eyJhbGciOiJIUzUxMiJ9.eyJleHAiOjE2NjEyNTkxNzN9.vxMICKMkPT7bOTJE6yJM1XLyfHEwuA7vGob-2tWxaYwk6GMr9jZ7xv3TTR3aJmBjmUY5MuDqQ10CpCEeXNp0SQ'),(4030006,'2022-08-23 21:53:33.134000','eyJhbGciOiJIUzUxMiJ9.eyJleHAiOjE2NjEyNTkyMTN9.sVHhJc4jAt88aRcGIL9qeQXqA4haW35BpB893sYF1dlA96zDyBK44lkt-HpqzC-LVh2DPZRmeaAcM3Z2NxhmHA'),(4030007,'2022-08-23 21:58:26.261000','eyJhbGciOiJIUzUxMiJ9.eyJleHAiOjE2NjEyNTk1MDZ9.1qJFgzu34FhMn5IBLT13NAL9f4cHb9_4jgZXZ_hu050J5vYxhfGqKGClOFCcYfCbPd1civeBLBCSQzETrbW0yQ'),(4030008,'2022-08-25 13:22:21.151000','eyJhbGciOiJIUzUxMiJ9.eyJleHAiOjE2NjE0MDEzNDF9.lZ-VeKuqDDe71FFmWzA2gLHpX8CetIlbGj1swdGkrzmXSlIa3RNefnmFTH_H7FZyKJJPg9RCDCXHUcQTerU7hw'),(4030009,'2022-08-23 22:00:46.887000','eyJhbGciOiJIUzUxMiJ9.eyJleHAiOjE2NjEyNTk2NDZ9.Sg8IgKlQ9u6WSNQCOtjAKDoGVNJwRnVQSYOc84hLVwS8u2USgG0J_namXP7hG_J23ZPasnyiriY-ijyxtEqYdg'),(4030010,'2022-08-23 22:02:47.491000','eyJhbGciOiJIUzUxMiJ9.eyJleHAiOjE2NjEyNTk3Njd9.-gpGL2n1TCQg5fkv84k8Aeo8EjHlARB67w32oqMne6XqHda68sk0WoBTPgw6rAhy0yrM162nXUmCXp9CN0x6Hw'),(4030011,'2022-08-23 22:03:25.672000','eyJhbGciOiJIUzUxMiJ9.eyJleHAiOjE2NjEyNTk4MDV9.dCbw4vck_sH4DIRl3Rx7V19uD3nOdmHc7BB1E9OhDx0Y9CFLnEJld5H4BNBrivtcR_tpVkvoy507mim3EI6w6w'),(4030012,'2022-08-23 22:04:07.440000','eyJhbGciOiJIUzUxMiJ9.eyJleHAiOjE2NjEyNTk4NDd9.XNrGytelVwGACOEAmuIR28aZARIca9mxXjFYh0yHy1hdVD3QmSW8D5AN2uVyI_2MjF5N2N0xwASLfTZ6th-ijA'),(4030013,'2022-08-23 22:05:12.501000','eyJhbGciOiJIUzUxMiJ9.eyJleHAiOjE2NjEyNTk5MTJ9.h84S2CHYnRGkfA6OgvScRPpZNQ6F8PAsjgGBKOqvmXokyAOLTbQTcLO7lkjHynXQt4sm2i24kRRyIgj1ml89hA'),(4030014,'2022-08-25 10:21:12.043000','eyJhbGciOiJIUzUxMiJ9.eyJleHAiOjE2NjEzOTA0NzJ9.q_BokRlZkrhNgoXO5w1jFbQeYD235EVykGLqYzPandzZj-57avbXOlQ6vUdw8tLxDhiOmWXAwK-4VH5wflxuog'),(4030015,'2022-08-25 10:21:22.949000','eyJhbGciOiJIUzUxMiJ9.eyJleHAiOjE2NjEzOTA0ODJ9.SqaX1JEFfUTAyv-tg-FFvAI-nx-fpIRlXMsfA6L6uYpYMY6XH9owdF2zTl0xs4lo-6-OBmgXrug_NsOUY-uezQ'),(4030016,'2022-08-23 22:07:46.296000','eyJhbGciOiJIUzUxMiJ9.eyJleHAiOjE2NjEyNjAwNjZ9.JxoUfTcDF0OCvtsRoLbTjsmmRes17_5m7NCr6O-FSLxSyf65u8xg4b59FS097TE1hf570b2EnmgWciqTYyj2EA'),(5030001,'2022-08-26 04:05:17.387000','eyJhbGciOiJIUzUxMiJ9.eyJleHAiOjE2NjE0NTQzMTd9.r9o_BsgMitSTtDdwoWNnD2iiYGBxjpAIE_lD9iEiQPwD3Wzor93iXxqbNVAaRIqg4oJFMN7sOgp-Y-VjHoAY9Q'),(5030002,'2022-08-26 03:20:32.681000','eyJhbGciOiJIUzUxMiJ9.eyJleHAiOjE2NjE0NTE2MzJ9.h4yBAZATO0kvh9LdKUvQtDSWcvGB3c1PAA5MZcwER5vGzXCrMb9LoRqAqrQJNVfp6WNiWhv7sgcSvtjIN_qB5w'),(2022000001,'2022-08-26 09:37:25.549000','eyJhbGciOiJIUzUxMiJ9.eyJleHAiOjE2NjE0NzQyNDV9.d34vqIYo2f4A7Mqnt-6BJyn52LzZyt5yYweO_QxsXSvC9rzVO8zam4FAodaBDDF8-xpHdEsNDa9hDEGexyxd_A'),(2022000002,'2022-08-25 12:09:38.916000','eyJhbGciOiJIUzUxMiJ9.eyJleHAiOjE2NjEzOTY5Nzh9.W5seJpYX28MeFwDqhBXqTqkCA6byNvgW7ioFssVBItClMHMvF41rN1tUjnU9YDpX--BTd2yy9jLAyRMSQUxsfw'),(2022000003,'2022-08-21 17:22:56.313000','eyJhbGciOiJIUzUxMiJ9.eyJleHAiOjE2NjEwNzAxNzZ9.7vvO6J_9txiBaOwn6iDhy4nvOc7APaVVmrNW5UewhNOK5GHczxvyfB6kBx7DzoV8ARMjJsEg8xMuao0eArwtuQ'),(2022000004,'2022-08-21 17:23:25.679000','eyJhbGciOiJIUzUxMiJ9.eyJleHAiOjE2NjEwNzAyMDV9.eF-h0UAZtXKtRNT_2XuOs6dfYsmwTSljxSmM4gNwkj_n8CnJIWOEKhbUaTCigwgHhWzC5z9FVzS3hmOpa8M2AQ'),(2022000005,'2022-08-23 15:08:33.224000','eyJhbGciOiJIUzUxMiJ9.eyJleHAiOjE2NjEyMzQ5MTN9.6XkWgCIOIasZB0qHNeda6fK1303r5paLlLzBF8kM9qLcrmb_u0-VtQFQNlwz6n9dk8LrVkcOs_S5mFswz-MWpg'),(2022000006,'2022-08-21 17:24:22.214000','eyJhbGciOiJIUzUxMiJ9.eyJleHAiOjE2NjEwNzAyNjJ9.Q5oqpdj4qw2H9TQoRslWYLbOcXt6mM_diVbMf18JOeS9fE2znuM3k9GY8q1yGnHeDBUu_N7Bsk66uGZZlhY72g'),(2022000007,'2022-08-17 01:06:03.495000','eyJhbGciOiJIUzUxMiJ9.eyJleHAiOjE2NjA2NjU5NjN9.FMQZpJ9RsZpz6WQJWdu4tBB6UDDYjb05n6vOxw1BSVOJOwgaE0Rc4fruyeUwu8XA6ZxwGME_1CJgEk3xsFB21w'),(2022000008,'2022-08-24 13:28:03.948000','eyJhbGciOiJIUzUxMiJ9.eyJleHAiOjE2NjEzMTUyODN9.NSU10Zav4IWfzIV8UVMO951FKmCDS1vnLNBSXocTeyoU2o_uyf-XdmdwbSfXg_v0fFZqjEYNbCIs6UYqR_ISPQ'),(2022000009,'2022-08-16 11:07:10.034000','eyJhbGciOiJIUzUxMiJ9.eyJleHAiOjE2NjA2MTU2MzB9.HYsDQYTxHufRh7kQHzSO8rBjJCv9P_3ca6VmVMzwI1rvziq6xSVuhC83qtf5Iux7ZDDNnxTfeT718VSXISjumA'),(2022000011,'2022-08-16 00:45:25.038000','eyJhbGciOiJIUzUxMiJ9.eyJleHAiOjE2NjA1NzgzMjV9.qJwGpoOUARC_-cEVqtj9mdkT6Z0PVkjffU_ps-tIxboXdjI9JXFDQ_sUz1PLc7M8ous9laH5BmY7ZhvlYoJdyQ'),(2022000012,'2022-08-21 14:09:59.757000','eyJhbGciOiJIUzUxMiJ9.eyJleHAiOjE2NjEwNTg1OTl9.KfkrS7-qm9FKOiMfdVC21h45WEIfrG7iT4-G-mgiAOtu3F1b1XMM2WMTGBPf7VgU28jML6QHFq5OXfPzntXYAQ'),(2022000013,'2022-08-26 08:08:15.142000','eyJhbGciOiJIUzUxMiJ9.eyJleHAiOjE2NjE0Njg4OTV9.a56hn9oroJY7QVBzc5AmR_EzzUaKMiLCm6VsEBL7HQOw_Palm0VQjyuBMKziNwbB61xMA6Xle32BUviapKT9vA'),(2022000014,'2022-08-26 10:29:46.996000','eyJhbGciOiJIUzUxMiJ9.eyJleHAiOjE2NjE0NzczODZ9.yJTC7K96C2HBEjp54sGz8HnVZ4uW5044Qz9Vjoy7QZZcXZP0iVWeOYP00q6iXCpzQtV8LBwbjsyMTWku7jtXyw'),(2022000015,'2022-08-26 09:52:52.124000','eyJhbGciOiJIUzUxMiJ9.eyJleHAiOjE2NjE0NzUxNzJ9.GqAOgEvnClQkkXMX4RBiPTsPLoLQscU2N5NxFk8cR29rTGya4YQHiZwFYnQLZRsfJopCKlR0amMv6o_kqcwrjQ'),(2022000016,'2022-08-26 10:16:48.911000','eyJhbGciOiJIUzUxMiJ9.eyJleHAiOjE2NjE0NzY2MDh9.I6jIgfy7HLkkucE7HxeJ8ywavCWzidm68x0XzoEft_p_87nEdvvJK1SBwneXpvMcIQEbt6f6hI5gqh6_00zsFA'),(2022000017,'2022-08-25 23:37:08.061000','eyJhbGciOiJIUzUxMiJ9.eyJleHAiOjE2NjE0MzgyMjh9.Ml4dFQ47G7fLkQxgVPGC6S1gaXKGGIfta1Ks5XnfvR41mC-mSE2OcXebWFOscE37lPDGp2ekGc8fr4yAIbaq5w'),(2022000018,'2022-08-26 09:58:23.364000','eyJhbGciOiJIUzUxMiJ9.eyJleHAiOjE2NjE0NzU1MDN9.D3qFI0P2spkU-4-cgvetKuxgXzlTQCtAn7qunuUnlONp3zGDVvzKQim_wm9_b169PNaH2xkvwlaAGU5wv-A6UQ'),(2022000019,'2022-08-17 21:25:15.976000','eyJhbGciOiJIUzUxMiJ9.eyJleHAiOjE2NjA3MzkxMTV9.urvEFBUGu6sL56RKMDrlQIMIVAZhz89wkLTo0ps5ASy6maZDEtDw9xJ94y1ZPo7M8FUdQF9mLQnmCAMUQQk_hw'),(2022000020,'2022-08-24 13:27:50.021000','eyJhbGciOiJIUzUxMiJ9.eyJleHAiOjE2NjEzMTUyNzB9.5Odl4uLcVBsL20IUZ_P7qrbt6H2qPYne0t0Qe85_mjukQvPI7B8bV_aJ8BGs27UP1SoxyClsfNP8PToCgDKaBg'),(2022000025,'2022-08-20 00:08:53.920000','eyJhbGciOiJIUzUxMiJ9.eyJleHAiOjE2NjA5MjE3MzN9.PBOpclRnGXFmqcOs1m0o-0J7b7r8YEOOZbfZcfDwgD3-aAjHKb19KgOZ9eolSZs6JwPy0bAdwTDrGizpiL0EEQ'),(2022000026,'2022-08-19 02:28:39.834000','eyJhbGciOiJIUzUxMiJ9.eyJleHAiOjE2NjA4NDM3MTl9.H0sLkL14rwBZLQEE7ACtBVcdZxe3KfQcjO7vVjuuVxSrRH1skLC7vVi_v-UnGeeEaNPCt_cGJXHOcjWIZyOvWA'),(2022000043,'2022-08-17 20:51:04.925000','eyJhbGciOiJIUzUxMiJ9.eyJleHAiOjE2NjA3MzcwNjR9.TAA9JqyZ10erad5BXWkQblb6vpMTTnVKPfDDHRA0w_Zh0G1V_ky6Zad0QVrXalBaHp-R0A7Iq8S3kTa-wcTt6A');
/*!40000 ALTER TABLE `refresh_token` ENABLE KEYS */;
UNLOCK TABLES;

--
-- Table structure for table `student`
--

DROP TABLE IF EXISTS `student`;
/*!40101 SET @saved_cs_client     = @@character_set_client */;
/*!50503 SET character_set_client = utf8mb4 */;
CREATE TABLE `student` (
  `student_id` int(11) NOT NULL,
  `activated` bit(1) NOT NULL,
  `class_num` tinyint(4) NOT NULL,
  `email` varchar(40) DEFAULT NULL,
  `grade` tinyint(4) NOT NULL,
  `introduce` varchar(50) DEFAULT NULL,
  `name` varchar(10) NOT NULL,
  `password` varchar(256) NOT NULL,
  `point` int(11) NOT NULL DEFAULT '0',
  `profile` varchar(256) DEFAULT NULL,
  `student_num` tinyint(4) NOT NULL,
  `total_point` int(11) NOT NULL DEFAULT '0',
  `border_color` int(11) NOT NULL DEFAULT '0',
  `jandi_color` int(11) NOT NULL DEFAULT '0',
  PRIMARY KEY (`student_id`),
  UNIQUE KEY `UK_fe0i52si7ybu0wjedj6motiim` (`email`)
) ENGINE=InnoDB DEFAULT CHARSET=utf8mb4;
/*!40101 SET character_set_client = @saved_cs_client */;

--
-- Dumping data for table `student`
--

LOCK TABLES `student` WRITE;
/*!40000 ALTER TABLE `student` DISABLE KEYS */;
INSERT INTO `student` VALUES (2022000001,_binary '',1,'sa@as.com',1,'','강승리','$2a$10$HEKb0TzppI.kDt6i0VXuYuolDvM4GcvKw7hybaCnK1q0n6jl10izi',10,'20222714112719-KakaoTalk_20220804_093221862.jpg',1,16,4,8),(2022000002,_binary '',1,'ssafy@naver.com',1,NULL,'김제관','$2a$10$diAx6BEYZmzW/AaepOENXuG4em2A5TGJONjb0LcyftpkIQVRSvSu2',2,NULL,2,5,0,0),(2022000003,_binary '',1,'asdf@naver.com',1,NULL,'백경원','$2a$10$BJ53x2D02ruo3aYD7eB6Def7iXlhD7tecxKiLgqx8nKrMj8Vajd0a',4,NULL,3,0,0,0),(2022000004,_binary '',1,'asdfasdf@naver.com',1,NULL,'이재웅','$2a$10$1q5sQS4E/M8K8T54dFuAwuVJrt9qZuT4VzFvL.35enRaPjUZj7DVG',2,NULL,4,0,0,0),(2022000005,_binary '',1,'sangbin@naver.com',1,'안녕하세요!','임상빈','$2a$10$YwP.YC04/EucVJFYpW82eukVStO/UPPKFZHuMprmKgcdh6oWBAWea',5,NULL,5,23,0,0),(2022000006,_binary '',1,'asdfasfdf@naver.com',1,NULL,'임효정','$2a$10$DGJ6bUKHjKx8Oj/s8hXuou0A/Q6ppgxNfQhZYdC52RZL9GtbI/l/K',5,NULL,6,0,0,0),(2022000007,_binary '',2,NULL,1,NULL,'김도훈','$2a$10$ML/quq0K.o3sxhIeKxjZWuAI71y/SAXJFibk204DDaJ/K0J8PWj9K',0,NULL,1,0,0,0),(2022000008,_binary '',2,'123@naver.com',1,NULL,'김준우','$2a$10$cGMJa4fKDQF7h74cyORihOwEY6I8IxhVsCP1FST7qiIHPGlbt2z56',0,NULL,2,0,0,0),(2022000009,_binary '',2,NULL,1,NULL,'박지호','$2a$10$Lqh7CG3v3WdN39NEOMJLqOdEin35FpaFJfZaefjGOOObPuFMidoTi',0,NULL,3,0,0,0),(2022000010,_binary '',2,NULL,1,NULL,'유재열','$2a$10$MnCK4xjvtRacUVSr10HEBOSFMKIOGA0ZJH4/oFHFM.AN2UyK9amNG',5,NULL,4,51,0,0),(2022000011,_binary '',2,NULL,1,NULL,'전민재','$2a$10$KTusMgaPJt/euON7rcteB.tyhb/LwgpBgz/fOYBy18Hp4uHVQV2Qu',0,NULL,5,0,0,0),(2022000012,_binary '',2,'a@naver.com',1,NULL,'하규진','$2a$10$YkkMtiEIgKvDHuAtpBFBku2JOdR6smTYf68WnS2o6f2gArc/i0pNW',0,NULL,6,0,0,0),(2022000013,_binary '',3,'gwhiterisi@gmail.com',1,'진짜 피로회복제는 퇴근이다','김민지','$2a$10$eEx4EK8oCY3oQ1vNV857TuxEfGS3oGaVo8leG5WAaEpK2l6ho0ZD6',141,'20225718145702-제목 없음.png',1,231,5,8),(2022000014,_binary '',3,'pyjin805@naver.com',1,'내 꿈은 핑퐁테두리 뽑기!','박예진','$2a$10$Tx3ImIqzwHTWOtzqnS3FbeDYySG0LghTr3/FHcLc7rkCvXSfwGGKS',60,NULL,2,90,4,0),(2022000015,_binary '',3,'jiwon0297@naver.com',1,'두고봐 내일은 내가 1등일거다','박지원','$2a$10$B2wIYZ.JFmVFtS5vfZGtAeQ/VyISpbl1IRpuvE7myLWGBwbgaZcCy',88,'20222517142500-main.png',3,99,3,1),(2022000016,_binary '',3,'dlscjs8646@gmail.com',1,'내 일이 없는 것처럼','오석호','$2a$10$t0Ax8Rs2Wi4Pg42KyZLMiOwYjaw/.QXzE2K4/5mYJF7Zk0OOymZWC',35,'20223816093850-고양이111.jpg',4,160,1,1),(2022000017,_binary '',3,'wonjh07@naver.com',1,'사랑해요 SSAFY','원재호','$2a$10$a4jKCjIJv0CenYEOsNCc/.gtWc2nXmqqemlbfUh9m25EH/7Cy2BhO',44,'20221718121740-c5c470298d527ef65eb52883f0f186c4d0bbab1214a29e381afae56101ded106.png',5,184,7,6),(2022000018,_binary '',3,'junsoohan94@gmail.com',1,'타노스','한준수','$2a$10$AKMt4IPbIX9PN3KswzU3kuBpZOWRtQ6xLW2ugbTTG5BO7wTfodAOm',116,'20225518145559-KakaoTalk_20220804_172835467.jpg',6,122,1,2),(2022000019,_binary '',1,NULL,2,NULL,'박수민','$2a$10$OOqgMIoeGtdeFe4XGu/S.eVYhilU9dMKmGIGRLtLfA5P/HxRHETRq',0,NULL,1,0,0,0),(2022000020,_binary '',1,NULL,2,NULL,'성성민','$2a$10$UupBqnb61uKnDtkT9rAjOOzPClARAwe.bwEUCHIq57x87/7VDCXqm',0,NULL,2,0,0,0),(2022000021,_binary '',1,NULL,2,NULL,'유동윤','$2a$10$955Nz15Wm1dC2mGL7wqPrukt24EWdwAIURaSr.dV0pWhqSCBa66O2',12,NULL,3,23,0,0),(2022000022,_binary '',1,NULL,2,NULL,'이득교','$2a$10$ZRbJiZYhgjdSGtIz3uXwX..bCbwATGBClFLug6VRWZjrburYv/4/K',0,NULL,4,0,0,0),(2022000023,_binary '',1,NULL,2,NULL,'이상택','$2a$10$OxfPZJ1JtZztDCd0hx61O.ysQgTttPzNpQ.Mq/6Ek04ZYP44UZgIa',0,NULL,5,0,0,0),(2022000024,_binary '',1,NULL,2,NULL,'지용현','$2a$10$mtEStkCJ.wDxorls4JEK9uFfc0/.wOAXEre9yzSjuQb4AqEY6h89a',0,NULL,6,0,0,0),(2022000025,_binary '',2,'sss@naver.com',2,NULL,'강병국','$2a$10$531zmrvD1PwHvvftaMpex.jBpzznGsd.Zml7dtoia3qoeuJP7QRS6',12,NULL,1,35,0,0),(2022000026,_binary '',2,NULL,2,NULL,'류형주','$2a$10$nIuaKferikGhIjd1ocPrf.hoe5OhfBCAqeuCklGHRq6rAJLF25BT.',0,NULL,2,0,0,0),(2022000027,_binary '',2,NULL,2,NULL,'민하은','$2a$10$bKAeA1F5W1EOpmT8WZyezuAmDtcZ40Z7gjJAPrZRZyU.f8s14AKT6',0,NULL,3,0,0,0),(2022000028,_binary '',2,NULL,2,NULL,'이종훈','$2a$10$und5cGUmxIefF.wu/dpq9OsR7OSctM0qpSf/PWdzb0q35qn/f.rN6',0,NULL,4,0,0,0),(2022000029,_binary '',2,NULL,2,NULL,'이지연','$2a$10$0FZufd2a9JP5k3/eotF.AOK0SeLRZoZeTGpKE./QKyXWZLoSmg4lK',1,NULL,5,1,0,0),(2022000030,_binary '',2,NULL,2,NULL,'황재완','$2a$10$RzI5MKtW2RqjqNX69ZERSuYCtuleFpPoDo6kDBHdLvEJpmA8pQTS2',0,NULL,6,0,0,0),(2022000031,_binary '',1,NULL,3,NULL,'유경훈','$2a$10$nWHk6tNZeNDRxp.KZrekXef4Z148cPZ8l.inTksD4mSD7XHRnY/F.',0,NULL,1,0,0,0),(2022000032,_binary '',1,NULL,3,NULL,'윤경식','$2a$10$GrTPkiRc2pN/t5muoyQAa.AdYo/U5KOikMJnxWmjh4LPgWAxF3RZi',0,NULL,2,0,0,0),(2022000033,_binary '',1,NULL,3,NULL,'이경준','$2a$10$WTzNJr4K6FHHVGptl/CnjuTCxF7gV92dFnFtXuv3rRzxTsltriZfy',0,NULL,3,0,0,0),(2022000034,_binary '',1,NULL,3,NULL,'이상권','$2a$10$WPsgUWeOki/001TayV09R.LDwtaYGmGh3UHQliIzZf..2PLu5tpSa',4,NULL,4,0,0,0),(2022000035,_binary '',1,NULL,3,NULL,'이주영','$2a$10$L.AYPQoPx8u92NlUNl98w.uc1g3zeH4L0.0NGVaPS6gzDQgd3LSxy',2,NULL,5,29,0,0),(2022000036,_binary '',1,NULL,3,NULL,'조민수','$2a$10$QWHgKuvHzZfAYcb/a9me5.1UBQ4RedQzwoPhgbdiK6ZYKtBeNbt.m',0,NULL,6,0,0,0),(2022000037,_binary '',2,NULL,3,NULL,'박상태','$2a$10$KtJ5PJOg1k.tlVF//9nPf.6p/C7dwsAQ73ZZGYnYjo2qeXX4X2q8y',0,NULL,1,0,0,0),(2022000038,_binary '',2,NULL,3,NULL,'신은정','$2a$10$besmk6BVzymMGAsyiE7bOeF91Fqwn668//NWqDhE9lYaqSgPBtiCm',0,NULL,2,0,0,0),(2022000039,_binary '',2,NULL,3,NULL,'안호진','$2a$10$Ymk4.QhTUUJoVMitewkBRuGQanzoeDpE64icwl5yLg/G.CiRkF99G',0,NULL,3,0,0,0),(2022000040,_binary '',2,NULL,3,NULL,'이승호','$2a$10$AXyWQFB0XXXFGBOohoMYWeOANm9dgxbP.pzvIiNtdcAyf7oR9ytOa',0,NULL,4,0,0,0),(2022000041,_binary '',2,NULL,3,NULL,'전한울','$2a$10$yuSWW2WzmrjXE7Zn.4QVn.YcHwFYcR6uO61BjMx8.EOY6xUnxVdT6',12,NULL,5,15,0,0),(2022000042,_binary '',2,NULL,3,NULL,'한승재','$2a$10$dwNrCH3YvUtELnE33ORUbuiVNOICZq1nCiOdnwJq8mhBWEZy0tSKm',0,NULL,6,0,0,0);
/*!40000 ALTER TABLE `student` ENABLE KEYS */;
UNLOCK TABLES;

--
-- Table structure for table `student_authority`
--

DROP TABLE IF EXISTS `student_authority`;
/*!40101 SET @saved_cs_client     = @@character_set_client */;
/*!50503 SET character_set_client = utf8mb4 */;
CREATE TABLE `student_authority` (
  `student_id` int(11) NOT NULL,
  `authority_name` varchar(50) NOT NULL,
  PRIMARY KEY (`student_id`,`authority_name`),
  KEY `FK9417tvdp1or0mugnuq6shvn7e` (`authority_name`),
  CONSTRAINT `FK9417tvdp1or0mugnuq6shvn7e` FOREIGN KEY (`authority_name`) REFERENCES `authority` (`authority_name`) ON DELETE CASCADE ON UPDATE CASCADE,
  CONSTRAINT `FKhi9g8hy1syeq3bnba0li6peyq` FOREIGN KEY (`student_id`) REFERENCES `student` (`student_id`) ON DELETE CASCADE ON UPDATE CASCADE
) ENGINE=InnoDB DEFAULT CHARSET=utf8mb4;
/*!40101 SET character_set_client = @saved_cs_client */;

--
-- Dumping data for table `student_authority`
--

LOCK TABLES `student_authority` WRITE;
/*!40000 ALTER TABLE `student_authority` DISABLE KEYS */;
INSERT INTO `student_authority` VALUES (2022000001,'ROLE_STUDENT'),(2022000002,'ROLE_STUDENT'),(2022000003,'ROLE_STUDENT'),(2022000004,'ROLE_STUDENT'),(2022000005,'ROLE_STUDENT'),(2022000006,'ROLE_STUDENT'),(2022000007,'ROLE_STUDENT'),(2022000008,'ROLE_STUDENT'),(2022000009,'ROLE_STUDENT'),(2022000010,'ROLE_STUDENT'),(2022000011,'ROLE_STUDENT'),(2022000012,'ROLE_STUDENT'),(2022000013,'ROLE_STUDENT'),(2022000014,'ROLE_STUDENT'),(2022000015,'ROLE_STUDENT'),(2022000016,'ROLE_STUDENT'),(2022000017,'ROLE_STUDENT'),(2022000018,'ROLE_STUDENT'),(2022000019,'ROLE_STUDENT'),(2022000020,'ROLE_STUDENT'),(2022000021,'ROLE_STUDENT'),(2022000022,'ROLE_STUDENT'),(2022000023,'ROLE_STUDENT'),(2022000024,'ROLE_STUDENT'),(2022000025,'ROLE_STUDENT'),(2022000026,'ROLE_STUDENT'),(2022000027,'ROLE_STUDENT'),(2022000028,'ROLE_STUDENT'),(2022000029,'ROLE_STUDENT'),(2022000030,'ROLE_STUDENT'),(2022000031,'ROLE_STUDENT'),(2022000032,'ROLE_STUDENT'),(2022000033,'ROLE_STUDENT'),(2022000034,'ROLE_STUDENT'),(2022000035,'ROLE_STUDENT'),(2022000036,'ROLE_STUDENT'),(2022000037,'ROLE_STUDENT'),(2022000038,'ROLE_STUDENT'),(2022000039,'ROLE_STUDENT'),(2022000040,'ROLE_STUDENT'),(2022000041,'ROLE_STUDENT'),(2022000042,'ROLE_STUDENT');
/*!40000 ALTER TABLE `student_authority` ENABLE KEYS */;
UNLOCK TABLES;

--
-- Table structure for table `subject`
--

DROP TABLE IF EXISTS `subject`;
/*!40101 SET @saved_cs_client     = @@character_set_client */;
/*!50503 SET character_set_client = utf8mb4 */;
CREATE TABLE `subject` (
  `class_subject_code` int(11) NOT NULL,
  `name` varchar(10) NOT NULL,
  PRIMARY KEY (`class_subject_code`)
) ENGINE=InnoDB DEFAULT CHARSET=utf8mb4;
/*!40101 SET character_set_client = @saved_cs_client */;

--
-- Dumping data for table `subject`
--

LOCK TABLES `subject` WRITE;
/*!40000 ALTER TABLE `subject` DISABLE KEYS */;
INSERT INTO `subject` VALUES (1,'국어'),(2,'영어'),(3,'수학'),(4,'사회'),(5,'국사'),(6,'도덕'),(7,'체육'),(8,'음악'),(9,'미술'),(10,'과학'),(11,'기술'),(12,'가정'),(13,'한문'),(14,'정보'),(15,'일본어'),(16,'중국어');
/*!40000 ALTER TABLE `subject` ENABLE KEYS */;
UNLOCK TABLES;

--
-- Table structure for table `teacher`
--

DROP TABLE IF EXISTS `teacher`;
/*!40101 SET @saved_cs_client     = @@character_set_client */;
/*!50503 SET character_set_client = utf8mb4 */;
CREATE TABLE `teacher` (
  `teacher_id` int(11) NOT NULL,
  `activated` bit(1) DEFAULT b'1',
  `birth` varchar(8) NOT NULL,
  `email` varchar(40) DEFAULT NULL,
  `is_admin` int(11) NOT NULL DEFAULT '0',
  `manage_grade` int(11) NOT NULL,
  `name` varchar(10) NOT NULL,
  `password` varchar(256) NOT NULL,
  `profile` varchar(255) DEFAULT NULL,
  PRIMARY KEY (`teacher_id`),
  UNIQUE KEY `UK_3kv6k1e64a9gylvkn3gnghc2q` (`email`)
) ENGINE=InnoDB DEFAULT CHARSET=utf8mb4;
/*!40101 SET character_set_client = @saved_cs_client */;

--
-- Dumping data for table `teacher`
--

LOCK TABLES `teacher` WRITE;
/*!40000 ALTER TABLE `teacher` DISABLE KEYS */;
INSERT INTO `teacher` VALUES (4030001,_binary '','19930918','korean@naver.com',0,2,'김국어','$2a$10$WiLFDSgdzxnnDZN3f8lE9.gqGk7kZ2gmaAGxqFV74T.TRFPti4hRS','20222017142004-typescript2.jpeg'),(4030002,_binary '','19940428','whiterisi@naver.com',0,1,'김민지','$2a$10$jonvUj4fuFdwBNC/lFf9GejHEzVRzIbxh0n1OinGclxVsxdB70tXW','20221917141938-스크린샷 2022-07-14 11.15.14.png'),(4030003,_binary '','19940226','nyeol2@naver.com',0,3,'남은열','$2a$10$YdAmobxF.6ZZDevAQB8EDe7ljCWiHFICYQtq8ri/I4R/G/rgotalq','20222017142023-o5TEf8uv_400x400.jpeg'),(4030004,_binary '','19900918','simon@gmail.com',0,1,'강시몬','$2a$10$nqK5tQDKU/rBiVvC4cHg5em3YR7D0laTvfxAYc8q47vgbTP6qfPOa','20220317140349-3.png'),(4030005,_binary '','19970726','asdfw@naver.com',0,2,'박예진','$2a$10$2YYJF67GEBKPxcdDK2CYZeY8l.MXWcYrgKBx/0aRfgfQe.XXWeXuW','20221617141627-images.jpeg'),(4030006,_binary '','19971101','jiwon0297@gmail.com',0,3,'박지원','$2a$10$oaRUaKadC2b58zNpOhXjCOa12MzuIeexPa5TfzsPDlls2KmuCcQWK','20221717141750-e92ff50f9d3442d8af69c973e5c049a1.jpeg'),(4030007,_binary '','19950329','ssoco@naver.com',0,1,'오석호','$2a$10$MWn3maOsDIRTPqo14JnsMusja.Dzez2DPIgJpn99lL7OG/8buqZv2','20221817141856-FSzaWlhaUAAC2FH.jpeg'),(4030008,_binary '','19920719','dnjswogh07@gmail.com',0,2,'원재호','$2a$10$1n3bSlqQLJmqXCKqOyLFjOMD3hLs.JUdv9H2H5oG8PW1EAkbqXaTq','20221917141902-Untitled.jpeg'),(4030009,_binary '','19951023','wldusdl1023@naver.com',0,3,'유지연','$2a$10$Ap7MorQ46OMZ311occR3sOcrte1C/rdXmLqzB8bShW.6MmUK8/Y/G','20222017142007-IMG_5364.jpeg'),(4030010,_binary '','19781225','math@naver.com',0,1,'윤수학','$2a$10$Q1EAC4LnmqnTFC3Aege/rO5d7cgDH95NQJerorllwF9q3TXqNfP8i','20221817141849-kakaofriends_jp_20201217_3.png'),(4030011,_binary '','19920307','alive@naver.com',0,2,'이생물','$2a$10$SUvV61XA1UcfjYX.WyX6WuQuwaxfUKcX73I6MSMquE9RFz.0PY05W','20221917141906-FSzaVTlaQAAol4a.jpeg'),(4030012,_binary '','19960924','hyunkyu96@naver.com',0,3,'이현규','$2a$10$v9ZSe4t4fyV531AXiMS36u4KFGanJKMZCbwYdEI/Q2Rgt.814gHZ.','20221917141925-avatars-000751960345-ath81o-t500x500.jpeg'),(4030013,_binary '','19870405','bbang@naver.com',0,1,'장발장','$2a$10$bdUJvinJdoA2tEmFEbl4d.XsPEkME3/PxT02jRJAmT3X2S8MQxLTe','20222217142243-49eca86ab8fb9e496d5789f871559ab2.jpeg'),(4030014,_binary '','19880223','eng@naver.com',0,2,'마영어','$2a$10$5u1ZQ66eB6B8AColnQKQGejQQHiynLwEL/G3WU4Ir7ES25yRM0rti','20222217142226-4f457e7df2f7242fc74ec4667b4bccb59f5287469802eca457586a25a096fd31.png'),(4030015,_binary '','19941122','junsoohan@gmail.com',0,1,'한준수','$2a$10$FwrY75uzVv/gEQlKUK16tufUvWdaP53d6J4fjii3JLXQuRvQ4.Hs.','20220017140009-Image Pasted at 2022-7-11 16-57.png'),(4030016,_binary '','19960919','hseol96@naver.com',0,2,'허설','$2a$10$1blbqvqVCaI8XrUCyjgn7.jY3F5RQT/tHpr/FOsC0suMpV9Kix876','20222217142255-images (2).jpeg'),(5030001,_binary '','19971101','admin1@ssafy.com',1,0,'관리자1','$2a$10$FgTMAN/nG2eVXIgLQj5rne9plfMslO8wkNSirmpxOYBcMdzGsI5qi','20222317142309-IMG_8653.jpeg'),(5030002,_binary '','20220803','admin2@naver.com',1,0,'관리자2','$2a$10$oZgjgAvyA9al34e2TDmqLe74vDzJQ2W.0gp7hY3GxhnfzRLwX.bnS','20222317142319-main.png');
/*!40000 ALTER TABLE `teacher` ENABLE KEYS */;
UNLOCK TABLES;

--
-- Table structure for table `teacher_authority`
--

DROP TABLE IF EXISTS `teacher_authority`;
/*!40101 SET @saved_cs_client     = @@character_set_client */;
/*!50503 SET character_set_client = utf8mb4 */;
CREATE TABLE `teacher_authority` (
  `teacher_id` int(11) NOT NULL,
  `authority_name` varchar(50) NOT NULL,
  PRIMARY KEY (`teacher_id`,`authority_name`),
  KEY `FK6ruieme4rr0s0tq0dvhc6cd0g` (`authority_name`),
  CONSTRAINT `FK6ruieme4rr0s0tq0dvhc6cd0g` FOREIGN KEY (`authority_name`) REFERENCES `authority` (`authority_name`) ON DELETE CASCADE ON UPDATE CASCADE,
  CONSTRAINT `FKnv5nv85ac0i9kn00juwqq4ahl` FOREIGN KEY (`teacher_id`) REFERENCES `teacher` (`teacher_id`) ON DELETE CASCADE ON UPDATE CASCADE
) ENGINE=InnoDB DEFAULT CHARSET=utf8mb4;
/*!40101 SET character_set_client = @saved_cs_client */;

--
-- Dumping data for table `teacher_authority`
--

LOCK TABLES `teacher_authority` WRITE;
/*!40000 ALTER TABLE `teacher_authority` DISABLE KEYS */;
INSERT INTO `teacher_authority` VALUES (5030001,'ROLE_ADMIN'),(5030002,'ROLE_ADMIN'),(4030001,'ROLE_STUDENT'),(4030002,'ROLE_STUDENT'),(4030003,'ROLE_STUDENT'),(4030004,'ROLE_STUDENT'),(4030005,'ROLE_STUDENT'),(4030006,'ROLE_STUDENT'),(4030007,'ROLE_STUDENT'),(4030008,'ROLE_STUDENT'),(4030009,'ROLE_STUDENT'),(4030010,'ROLE_STUDENT'),(4030011,'ROLE_STUDENT'),(4030012,'ROLE_STUDENT'),(4030013,'ROLE_STUDENT'),(4030014,'ROLE_STUDENT'),(4030015,'ROLE_STUDENT'),(4030016,'ROLE_STUDENT'),(5030001,'ROLE_STUDENT'),(5030002,'ROLE_STUDENT'),(4030001,'ROLE_TEACHER'),(4030002,'ROLE_TEACHER'),(4030003,'ROLE_TEACHER'),(4030004,'ROLE_TEACHER'),(4030005,'ROLE_TEACHER'),(4030006,'ROLE_TEACHER'),(4030007,'ROLE_TEACHER'),(4030008,'ROLE_TEACHER'),(4030009,'ROLE_TEACHER'),(4030010,'ROLE_TEACHER'),(4030011,'ROLE_TEACHER'),(4030012,'ROLE_TEACHER'),(4030013,'ROLE_TEACHER'),(4030014,'ROLE_TEACHER'),(4030015,'ROLE_TEACHER'),(4030016,'ROLE_TEACHER'),(5030001,'ROLE_TEACHER'),(5030002,'ROLE_TEACHER');
/*!40000 ALTER TABLE `teacher_authority` ENABLE KEYS */;
UNLOCK TABLES;

--
-- Table structure for table `timetable`
--

DROP TABLE IF EXISTS `timetable`;
/*!40101 SET @saved_cs_client     = @@character_set_client */;
/*!50503 SET character_set_client = utf8mb4 */;
CREATE TABLE `timetable` (
  `timetable_id` int(11) NOT NULL,
  `end_timehh` int(11) NOT NULL,
  `end_timemm` int(11) NOT NULL,
  `start_timehh` int(11) NOT NULL,
  `start_timemm` int(11) NOT NULL,
  PRIMARY KEY (`timetable_id`)
) ENGINE=InnoDB DEFAULT CHARSET=utf8mb4;
/*!40101 SET character_set_client = @saved_cs_client */;

--
-- Dumping data for table `timetable`
--

LOCK TABLES `timetable` WRITE;
/*!40000 ALTER TABLE `timetable` DISABLE KEYS */;
INSERT INTO `timetable` VALUES (1,9,0,9,45),(2,9,55,10,40),(3,10,50,11,35),(4,11,45,12,30),(5,13,25,14,10),(6,14,20,15,5),(7,15,15,16,0);
/*!40000 ALTER TABLE `timetable` ENABLE KEYS */;
UNLOCK TABLES;
/*!40103 SET TIME_ZONE=@OLD_TIME_ZONE */;

/*!40101 SET SQL_MODE=@OLD_SQL_MODE */;
/*!40014 SET FOREIGN_KEY_CHECKS=@OLD_FOREIGN_KEY_CHECKS */;
/*!40014 SET UNIQUE_CHECKS=@OLD_UNIQUE_CHECKS */;
/*!40101 SET CHARACTER_SET_CLIENT=@OLD_CHARACTER_SET_CLIENT */;
/*!40101 SET CHARACTER_SET_RESULTS=@OLD_CHARACTER_SET_RESULTS */;
/*!40101 SET COLLATION_CONNECTION=@OLD_COLLATION_CONNECTION */;
/*!40111 SET SQL_NOTES=@OLD_SQL_NOTES */;

-- Dump completed on 2022-08-19 10:36:49
